[04-Aug-2025 04:11:08 UTC] PHP Warning:  Undefined variable $data in C:\Apache24\htdocs\seramer2\views\complaints\create.php on line 12
[04-Aug-2025 04:11:08 UTC] PHP Warning:  Trying to access array offset on null in C:\Apache24\htdocs\seramer2\views\complaints\create.php on line 12
[04-Aug-2025 04:11:08 UTC] PHP Warning:  Undefined variable $data in C:\Apache24\htdocs\seramer2\views\complaints\create.php on line 62
[04-Aug-2025 04:11:08 UTC] PHP Warning:  Trying to access array offset on null in C:\Apache24\htdocs\seramer2\views\complaints\create.php on line 62
[04-Aug-2025 04:11:08 UTC] PHP Warning:  foreach() argument must be of type array|object, null given in C:\Apache24\htdocs\seramer2\views\complaints\create.php on line 62
[04-Aug-2025 04:12:15 UTC] PHP Warning:  Undefined variable $complaintsController in C:\Apache24\htdocs\seramer2\views\complaints\create.php on line 7
[04-Aug-2025 04:12:15 UTC] PHP Fatal error:  Uncaught Error: Call to a member function create() on null in C:\Apache24\htdocs\seramer2\views\complaints\create.php:7
Stack trace:
#0 {main}
  thrown in C:\Apache24\htdocs\seramer2\views\complaints\create.php on line 7
[04-Aug-2025 04:12:28 UTC] PHP Warning:  Undefined variable $complaintsController in C:\Apache24\htdocs\seramer2\views\complaints\create.php on line 7
[04-Aug-2025 04:12:28 UTC] PHP Fatal error:  Uncaught Error: Call to a member function create() on null in C:\Apache24\htdocs\seramer2\views\complaints\create.php:7
Stack trace:
#0 {main}
  thrown in C:\Apache24\htdocs\seramer2\views\complaints\create.php on line 7
[04-Aug-2025 14:11:43 UTC] PHP Warning:  Undefined array key "page_title" in C:\Apache24\htdocs\seramer2\views\complaints\create.php on line 40
[04-Aug-2025 14:11:43 UTC] PHP Warning:  Undefined array key "market_stalls" in C:\Apache24\htdocs\seramer2\views\complaints\create.php on line 90
[04-Aug-2025 14:11:43 UTC] PHP Warning:  foreach() argument must be of type array|object, null given in C:\Apache24\htdocs\seramer2\views\complaints\create.php on line 90
[04-Aug-2025 14:21:14 UTC] PHP Warning:  Cannot modify header information - headers already sent by (output started at C:\Apache24\htdocs\seramer2\views\layouts\navigation.php:31) in C:\Apache24\htdocs\seramer2\views\complaints\create.php on line 44
[04-Aug-2025 14:23:48 UTC] PHP Warning:  Undefined variable $data in C:\Apache24\htdocs\seramer2\views\complaints\edit.php on line 13
[04-Aug-2025 14:23:48 UTC] PHP Warning:  Trying to access array offset on null in C:\Apache24\htdocs\seramer2\views\complaints\edit.php on line 13
[04-Aug-2025 14:23:48 UTC] PHP Warning:  Undefined variable $data in C:\Apache24\htdocs\seramer2\views\complaints\edit.php on line 26
[04-Aug-2025 14:23:48 UTC] PHP Warning:  Trying to access array offset on null in C:\Apache24\htdocs\seramer2\views\complaints\edit.php on line 26
[04-Aug-2025 14:23:48 UTC] PHP Warning:  Trying to access array offset on null in C:\Apache24\htdocs\seramer2\views\complaints\edit.php on line 26
[04-Aug-2025 14:23:48 UTC] PHP Warning:  Undefined variable $data in C:\Apache24\htdocs\seramer2\views\complaints\edit.php on line 27
[04-Aug-2025 14:23:48 UTC] PHP Warning:  Trying to access array offset on null in C:\Apache24\htdocs\seramer2\views\complaints\edit.php on line 27
[04-Aug-2025 14:23:48 UTC] PHP Warning:  Trying to access array offset on null in C:\Apache24\htdocs\seramer2\views\complaints\edit.php on line 27
[04-Aug-2025 14:23:48 UTC] PHP Warning:  Undefined variable $data in C:\Apache24\htdocs\seramer2\views\complaints\edit.php on line 32
[04-Aug-2025 14:23:48 UTC] PHP Warning:  Trying to access array offset on null in C:\Apache24\htdocs\seramer2\views\complaints\edit.php on line 32
[04-Aug-2025 14:23:48 UTC] PHP Warning:  Trying to access array offset on null in C:\Apache24\htdocs\seramer2\views\complaints\edit.php on line 32
[04-Aug-2025 14:23:48 UTC] PHP Warning:  Undefined variable $data in C:\Apache24\htdocs\seramer2\views\complaints\edit.php on line 38
[04-Aug-2025 14:23:48 UTC] PHP Warning:  Trying to access array offset on null in C:\Apache24\htdocs\seramer2\views\complaints\edit.php on line 38
[04-Aug-2025 14:23:48 UTC] PHP Warning:  Trying to access array offset on null in C:\Apache24\htdocs\seramer2\views\complaints\edit.php on line 38
[04-Aug-2025 14:23:48 UTC] PHP Warning:  Undefined variable $data in C:\Apache24\htdocs\seramer2\views\complaints\edit.php on line 44
[04-Aug-2025 14:23:48 UTC] PHP Warning:  Trying to access array offset on null in C:\Apache24\htdocs\seramer2\views\complaints\edit.php on line 44
[04-Aug-2025 14:23:48 UTC] PHP Warning:  Trying to access array offset on null in C:\Apache24\htdocs\seramer2\views\complaints\edit.php on line 44
[04-Aug-2025 14:23:48 UTC] PHP Warning:  Undefined variable $data in C:\Apache24\htdocs\seramer2\views\complaints\edit.php on line 50
[04-Aug-2025 14:23:48 UTC] PHP Warning:  Trying to access array offset on null in C:\Apache24\htdocs\seramer2\views\complaints\edit.php on line 50
[04-Aug-2025 14:23:48 UTC] PHP Warning:  Trying to access array offset on null in C:\Apache24\htdocs\seramer2\views\complaints\edit.php on line 50
[04-Aug-2025 14:23:48 UTC] PHP Warning:  Undefined variable $data in C:\Apache24\htdocs\seramer2\views\complaints\edit.php on line 51
[04-Aug-2025 14:23:48 UTC] PHP Warning:  Trying to access array offset on null in C:\Apache24\htdocs\seramer2\views\complaints\edit.php on line 51
[04-Aug-2025 14:23:48 UTC] PHP Warning:  Trying to access array offset on null in C:\Apache24\htdocs\seramer2\views\complaints\edit.php on line 51
[04-Aug-2025 14:23:48 UTC] PHP Warning:  Undefined variable $data in C:\Apache24\htdocs\seramer2\views\complaints\edit.php on line 52
[04-Aug-2025 14:23:48 UTC] PHP Warning:  Trying to access array offset on null in C:\Apache24\htdocs\seramer2\views\complaints\edit.php on line 52
[04-Aug-2025 14:23:48 UTC] PHP Warning:  Trying to access array offset on null in C:\Apache24\htdocs\seramer2\views\complaints\edit.php on line 52
[04-Aug-2025 14:23:48 UTC] PHP Warning:  Undefined variable $data in C:\Apache24\htdocs\seramer2\views\complaints\edit.php on line 59
[04-Aug-2025 14:23:48 UTC] PHP Warning:  Trying to access array offset on null in C:\Apache24\htdocs\seramer2\views\complaints\edit.php on line 59
[04-Aug-2025 14:23:48 UTC] PHP Warning:  Trying to access array offset on null in C:\Apache24\htdocs\seramer2\views\complaints\edit.php on line 59
[04-Aug-2025 14:23:48 UTC] PHP Warning:  Undefined variable $data in C:\Apache24\htdocs\seramer2\views\complaints\edit.php on line 60
[04-Aug-2025 14:23:48 UTC] PHP Warning:  Trying to access array offset on null in C:\Apache24\htdocs\seramer2\views\complaints\edit.php on line 60
[04-Aug-2025 14:23:48 UTC] PHP Warning:  Trying to access array offset on null in C:\Apache24\htdocs\seramer2\views\complaints\edit.php on line 60
[04-Aug-2025 14:23:48 UTC] PHP Warning:  Undefined variable $data in C:\Apache24\htdocs\seramer2\views\complaints\edit.php on line 61
[04-Aug-2025 14:23:48 UTC] PHP Warning:  Trying to access array offset on null in C:\Apache24\htdocs\seramer2\views\complaints\edit.php on line 61
[04-Aug-2025 14:23:48 UTC] PHP Warning:  Trying to access array offset on null in C:\Apache24\htdocs\seramer2\views\complaints\edit.php on line 61
[04-Aug-2025 14:23:48 UTC] PHP Warning:  Undefined variable $data in C:\Apache24\htdocs\seramer2\views\complaints\edit.php on line 62
[04-Aug-2025 14:23:48 UTC] PHP Warning:  Trying to access array offset on null in C:\Apache24\htdocs\seramer2\views\complaints\edit.php on line 62
[04-Aug-2025 14:23:48 UTC] PHP Warning:  Trying to access array offset on null in C:\Apache24\htdocs\seramer2\views\complaints\edit.php on line 62
[04-Aug-2025 14:23:48 UTC] PHP Warning:  Undefined variable $data in C:\Apache24\htdocs\seramer2\views\complaints\edit.php on line 68
[04-Aug-2025 14:23:48 UTC] PHP Warning:  Trying to access array offset on null in C:\Apache24\htdocs\seramer2\views\complaints\edit.php on line 68
[04-Aug-2025 14:23:48 UTC] PHP Warning:  Trying to access array offset on null in C:\Apache24\htdocs\seramer2\views\complaints\edit.php on line 68
[04-Aug-2025 14:25:22 UTC] PHP Warning:  Cannot modify header information - headers already sent by (output started at C:\Apache24\htdocs\seramer2\views\layouts\navigation.php:31) in C:\Apache24\htdocs\seramer2\views\complaints\create.php on line 44
[04-Aug-2025 14:29:53 UTC] PHP Warning:  Cannot modify header information - headers already sent by (output started at C:\Apache24\htdocs\seramer2\views\layouts\navigation.php:31) in C:\Apache24\htdocs\seramer2\views\complaints\create.php on line 44
[04-Aug-2025 14:44:08 UTC] PHP Warning:  Cannot modify header information - headers already sent by (output started at C:\Apache24\htdocs\seramer2\views\layouts\navigation.php:31) in C:\Apache24\htdocs\seramer2\views\complaints\create.php on line 42
[04-Aug-2025 14:45:40 UTC] PHP Warning:  Cannot modify header information - headers already sent by (output started at C:\Apache24\htdocs\seramer2\views\layouts\navigation.php:31) in C:\Apache24\htdocs\seramer2\views\complaints\create.php on line 43
[04-Aug-2025 14:48:47 UTC] PHP Warning:  Cannot modify header information - headers already sent by (output started at C:\Apache24\htdocs\seramer2\views\layouts\navigation.php:31) in C:\Apache24\htdocs\seramer2\views\complaints\create.php on line 43
[04-Aug-2025 14:52:59 UTC] Error al ejecutar la consulta: SQLSTATE[22007]: Invalid datetime format: 1366 Incorrect integer value: '' for column `seramermvc`.`complaints`.`position_id` at row 1 - Query: INSERT INTO complaints (client_user_id, client_name, client_phone, client_email, complaint_description, position_id, contractor_id, complaint_type, complaint_status, complaint_priority, internal_observations) 
                VALUES (?, ?, ?, ?, ?, ?, ?, ?, ?, ?, ?)
[04-Aug-2025 15:03:39 UTC] PHP Parse error:  syntax error, unexpected end of file, expecting "elseif" or "else" or "endif" in C:\Apache24\htdocs\seramer2\views\complaints\index.php on line 203
[04-Aug-2025 15:03:41 UTC] PHP Parse error:  syntax error, unexpected end of file, expecting "elseif" or "else" or "endif" in C:\Apache24\htdocs\seramer2\views\complaints\index.php on line 203
[04-Aug-2025 15:03:44 UTC] PHP Parse error:  syntax error, unexpected end of file, expecting "elseif" or "else" or "endif" in C:\Apache24\htdocs\seramer2\views\complaints\index.php on line 203
[04-Aug-2025 15:03:45 UTC] PHP Parse error:  syntax error, unexpected end of file, expecting "elseif" or "else" or "endif" in C:\Apache24\htdocs\seramer2\views\complaints\index.php on line 203
[04-Aug-2025 15:08:55 UTC] PHP Warning:  Undefined array key "Suggestion" in C:\Apache24\htdocs\seramer2\views\complaints\index.php on line 128
[04-Aug-2025 15:08:55 UTC] PHP Warning:  Undefined array key "Question" in C:\Apache24\htdocs\seramer2\views\complaints\index.php on line 128
[04-Aug-2025 15:08:55 UTC] PHP Warning:  Undefined array key "Claim" in C:\Apache24\htdocs\seramer2\views\complaints\index.php on line 128
[04-Aug-2025 15:08:55 UTC] PHP Warning:  Undefined array key "Suggestion" in C:\Apache24\htdocs\seramer2\views\complaints\index.php on line 128
[04-Aug-2025 15:16:42 UTC] Error al ejecutar la consulta: SQLSTATE[42S22]: Column not found: 1054 Unknown column 'p.name' in 'SELECT' - Query: SELECT c.*, p.name AS position_name, contr.full_name_or_company_name AS contractor_name
                FROM complaints c
                LEFT JOIN market_stalls p ON c.position_id = p.id_stall
                LEFT JOIN adjudicatories contr ON c.contractor_id = contr.id_adjudicatory
                WHERE c.complaint_id = ?
[04-Aug-2025 15:16:42 UTC] PHP Warning:  Trying to access array offset on null in C:\Apache24\htdocs\seramer2\views\complaints\edit.php on line 36
[04-Aug-2025 15:16:42 UTC] PHP Warning:  Trying to access array offset on null in C:\Apache24\htdocs\seramer2\views\complaints\edit.php on line 37
[04-Aug-2025 15:16:42 UTC] PHP Warning:  Trying to access array offset on null in C:\Apache24\htdocs\seramer2\views\complaints\edit.php on line 42
[04-Aug-2025 15:16:42 UTC] PHP Warning:  Trying to access array offset on null in C:\Apache24\htdocs\seramer2\views\complaints\edit.php on line 48
[04-Aug-2025 15:16:42 UTC] PHP Warning:  Trying to access array offset on null in C:\Apache24\htdocs\seramer2\views\complaints\edit.php on line 54
[04-Aug-2025 15:16:42 UTC] PHP Warning:  Trying to access array offset on null in C:\Apache24\htdocs\seramer2\views\complaints\edit.php on line 60
[04-Aug-2025 15:16:42 UTC] PHP Warning:  Trying to access array offset on null in C:\Apache24\htdocs\seramer2\views\complaints\edit.php on line 61
[04-Aug-2025 15:16:42 UTC] PHP Warning:  Trying to access array offset on null in C:\Apache24\htdocs\seramer2\views\complaints\edit.php on line 62
[04-Aug-2025 15:16:42 UTC] PHP Warning:  Trying to access array offset on null in C:\Apache24\htdocs\seramer2\views\complaints\edit.php on line 69
[04-Aug-2025 15:16:42 UTC] PHP Warning:  Trying to access array offset on null in C:\Apache24\htdocs\seramer2\views\complaints\edit.php on line 70
[04-Aug-2025 15:16:42 UTC] PHP Warning:  Trying to access array offset on null in C:\Apache24\htdocs\seramer2\views\complaints\edit.php on line 71
[04-Aug-2025 15:16:42 UTC] PHP Warning:  Trying to access array offset on null in C:\Apache24\htdocs\seramer2\views\complaints\edit.php on line 72
[04-Aug-2025 15:16:42 UTC] PHP Warning:  Trying to access array offset on null in C:\Apache24\htdocs\seramer2\views\complaints\edit.php on line 78
[04-Aug-2025 15:28:15 UTC] PHP Warning:  Undefined variable $complaintId in C:\Apache24\htdocs\seramer2\views\complaints\edit.php on line 5
[04-Aug-2025 15:28:15 UTC] PHP Warning:  Undefined array key "complaint" in C:\Apache24\htdocs\seramer2\views\complaints\edit.php on line 61
[04-Aug-2025 15:28:15 UTC] PHP Warning:  Trying to access array offset on null in C:\Apache24\htdocs\seramer2\views\complaints\edit.php on line 61
[04-Aug-2025 15:28:15 UTC] PHP Warning:  Undefined array key "complaint" in C:\Apache24\htdocs\seramer2\views\complaints\edit.php on line 62
[04-Aug-2025 15:28:15 UTC] PHP Warning:  Trying to access array offset on null in C:\Apache24\htdocs\seramer2\views\complaints\edit.php on line 62
[04-Aug-2025 15:28:15 UTC] PHP Warning:  Undefined array key "complaint" in C:\Apache24\htdocs\seramer2\views\complaints\edit.php on line 67
[04-Aug-2025 15:28:15 UTC] PHP Warning:  Trying to access array offset on null in C:\Apache24\htdocs\seramer2\views\complaints\edit.php on line 67
[04-Aug-2025 15:28:15 UTC] PHP Warning:  Undefined array key "complaint" in C:\Apache24\htdocs\seramer2\views\complaints\edit.php on line 73
[04-Aug-2025 15:28:15 UTC] PHP Warning:  Trying to access array offset on null in C:\Apache24\htdocs\seramer2\views\complaints\edit.php on line 73
[04-Aug-2025 15:28:15 UTC] PHP Warning:  Undefined array key "complaint" in C:\Apache24\htdocs\seramer2\views\complaints\edit.php on line 79
[04-Aug-2025 15:28:15 UTC] PHP Warning:  Trying to access array offset on null in C:\Apache24\htdocs\seramer2\views\complaints\edit.php on line 79
[04-Aug-2025 15:28:15 UTC] PHP Warning:  Undefined array key "complaint" in C:\Apache24\htdocs\seramer2\views\complaints\edit.php on line 85
[04-Aug-2025 15:28:15 UTC] PHP Warning:  Trying to access array offset on null in C:\Apache24\htdocs\seramer2\views\complaints\edit.php on line 85
[04-Aug-2025 15:28:15 UTC] PHP Warning:  Undefined array key "complaint" in C:\Apache24\htdocs\seramer2\views\complaints\edit.php on line 86
[04-Aug-2025 15:28:15 UTC] PHP Warning:  Trying to access array offset on null in C:\Apache24\htdocs\seramer2\views\complaints\edit.php on line 86
[04-Aug-2025 15:28:15 UTC] PHP Warning:  Undefined array key "complaint" in C:\Apache24\htdocs\seramer2\views\complaints\edit.php on line 87
[04-Aug-2025 15:28:15 UTC] PHP Warning:  Trying to access array offset on null in C:\Apache24\htdocs\seramer2\views\complaints\edit.php on line 87
[04-Aug-2025 15:28:15 UTC] PHP Warning:  Undefined array key "complaint" in C:\Apache24\htdocs\seramer2\views\complaints\edit.php on line 94
[04-Aug-2025 15:28:15 UTC] PHP Warning:  Trying to access array offset on null in C:\Apache24\htdocs\seramer2\views\complaints\edit.php on line 94
[04-Aug-2025 15:28:15 UTC] PHP Warning:  Undefined array key "complaint" in C:\Apache24\htdocs\seramer2\views\complaints\edit.php on line 95
[04-Aug-2025 15:28:15 UTC] PHP Warning:  Trying to access array offset on null in C:\Apache24\htdocs\seramer2\views\complaints\edit.php on line 95
[04-Aug-2025 15:28:15 UTC] PHP Warning:  Undefined array key "complaint" in C:\Apache24\htdocs\seramer2\views\complaints\edit.php on line 96
[04-Aug-2025 15:28:15 UTC] PHP Warning:  Trying to access array offset on null in C:\Apache24\htdocs\seramer2\views\complaints\edit.php on line 96
[04-Aug-2025 15:28:15 UTC] PHP Warning:  Undefined array key "complaint" in C:\Apache24\htdocs\seramer2\views\complaints\edit.php on line 97
[04-Aug-2025 15:28:15 UTC] PHP Warning:  Trying to access array offset on null in C:\Apache24\htdocs\seramer2\views\complaints\edit.php on line 97
[04-Aug-2025 15:28:15 UTC] PHP Warning:  Undefined array key "complaint" in C:\Apache24\htdocs\seramer2\views\complaints\edit.php on line 103
[04-Aug-2025 15:28:15 UTC] PHP Warning:  Trying to access array offset on null in C:\Apache24\htdocs\seramer2\views\complaints\edit.php on line 103
[04-Aug-2025 15:28:29 UTC] PHP Warning:  Undefined variable $complaintId in C:\Apache24\htdocs\seramer2\views\complaints\edit.php on line 5
[04-Aug-2025 15:28:29 UTC] PHP Warning:  Undefined array key "complaint" in C:\Apache24\htdocs\seramer2\views\complaints\edit.php on line 61
[04-Aug-2025 15:28:29 UTC] PHP Warning:  Trying to access array offset on null in C:\Apache24\htdocs\seramer2\views\complaints\edit.php on line 61
[04-Aug-2025 15:28:29 UTC] PHP Warning:  Undefined array key "complaint" in C:\Apache24\htdocs\seramer2\views\complaints\edit.php on line 62
[04-Aug-2025 15:28:29 UTC] PHP Warning:  Trying to access array offset on null in C:\Apache24\htdocs\seramer2\views\complaints\edit.php on line 62
[04-Aug-2025 15:28:29 UTC] PHP Warning:  Undefined array key "complaint" in C:\Apache24\htdocs\seramer2\views\complaints\edit.php on line 67
[04-Aug-2025 15:28:29 UTC] PHP Warning:  Trying to access array offset on null in C:\Apache24\htdocs\seramer2\views\complaints\edit.php on line 67
[04-Aug-2025 15:28:29 UTC] PHP Warning:  Undefined array key "complaint" in C:\Apache24\htdocs\seramer2\views\complaints\edit.php on line 73
[04-Aug-2025 15:28:29 UTC] PHP Warning:  Trying to access array offset on null in C:\Apache24\htdocs\seramer2\views\complaints\edit.php on line 73
[04-Aug-2025 15:28:29 UTC] PHP Warning:  Undefined array key "complaint" in C:\Apache24\htdocs\seramer2\views\complaints\edit.php on line 79
[04-Aug-2025 15:28:29 UTC] PHP Warning:  Trying to access array offset on null in C:\Apache24\htdocs\seramer2\views\complaints\edit.php on line 79
[04-Aug-2025 15:28:29 UTC] PHP Warning:  Undefined array key "complaint" in C:\Apache24\htdocs\seramer2\views\complaints\edit.php on line 85
[04-Aug-2025 15:28:29 UTC] PHP Warning:  Trying to access array offset on null in C:\Apache24\htdocs\seramer2\views\complaints\edit.php on line 85
[04-Aug-2025 15:28:29 UTC] PHP Warning:  Undefined array key "complaint" in C:\Apache24\htdocs\seramer2\views\complaints\edit.php on line 86
[04-Aug-2025 15:28:29 UTC] PHP Warning:  Trying to access array offset on null in C:\Apache24\htdocs\seramer2\views\complaints\edit.php on line 86
[04-Aug-2025 15:28:29 UTC] PHP Warning:  Undefined array key "complaint" in C:\Apache24\htdocs\seramer2\views\complaints\edit.php on line 87
[04-Aug-2025 15:28:29 UTC] PHP Warning:  Trying to access array offset on null in C:\Apache24\htdocs\seramer2\views\complaints\edit.php on line 87
[04-Aug-2025 15:28:29 UTC] PHP Warning:  Undefined array key "complaint" in C:\Apache24\htdocs\seramer2\views\complaints\edit.php on line 94
[04-Aug-2025 15:28:29 UTC] PHP Warning:  Trying to access array offset on null in C:\Apache24\htdocs\seramer2\views\complaints\edit.php on line 94
[04-Aug-2025 15:28:29 UTC] PHP Warning:  Undefined array key "complaint" in C:\Apache24\htdocs\seramer2\views\complaints\edit.php on line 95
[04-Aug-2025 15:28:29 UTC] PHP Warning:  Trying to access array offset on null in C:\Apache24\htdocs\seramer2\views\complaints\edit.php on line 95
[04-Aug-2025 15:28:29 UTC] PHP Warning:  Undefined array key "complaint" in C:\Apache24\htdocs\seramer2\views\complaints\edit.php on line 96
[04-Aug-2025 15:28:29 UTC] PHP Warning:  Trying to access array offset on null in C:\Apache24\htdocs\seramer2\views\complaints\edit.php on line 96
[04-Aug-2025 15:28:29 UTC] PHP Warning:  Undefined array key "complaint" in C:\Apache24\htdocs\seramer2\views\complaints\edit.php on line 97
[04-Aug-2025 15:28:29 UTC] PHP Warning:  Trying to access array offset on null in C:\Apache24\htdocs\seramer2\views\complaints\edit.php on line 97
[04-Aug-2025 15:28:29 UTC] PHP Warning:  Undefined array key "complaint" in C:\Apache24\htdocs\seramer2\views\complaints\edit.php on line 103
[04-Aug-2025 15:28:29 UTC] PHP Warning:  Trying to access array offset on null in C:\Apache24\htdocs\seramer2\views\complaints\edit.php on line 103
[05-Aug-2025 00:13:30 UTC] PHP Fatal error:  Uncaught TypeError: Cannot access offset of type string on string in C:\Apache24\htdocs\seramer2\views\complaints\create.php:173
Stack trace:
#0 {main}
  thrown in C:\Apache24\htdocs\seramer2\views\complaints\create.php on line 173
[05-Aug-2025 00:13:57 UTC] PHP Fatal error:  Uncaught TypeError: Cannot access offset of type string on string in C:\Apache24\htdocs\seramer2\views\complaints\create.php:173
Stack trace:
#0 {main}
  thrown in C:\Apache24\htdocs\seramer2\views\complaints\create.php on line 173
[05-Aug-2025 00:14:37 UTC] PHP Fatal error:  Uncaught TypeError: Cannot access offset of type string on string in C:\Apache24\htdocs\seramer2\views\complaints\create.php:173
Stack trace:
#0 {main}
  thrown in C:\Apache24\htdocs\seramer2\views\complaints\create.php on line 173
[05-Aug-2025 00:14:49 UTC] PHP Fatal error:  Uncaught TypeError: Cannot access offset of type string on string in C:\Apache24\htdocs\seramer2\views\complaints\edit.php:145
Stack trace:
#0 {main}
  thrown in C:\Apache24\htdocs\seramer2\views\complaints\edit.php on line 145
[05-Aug-2025 00:15:00 UTC] PHP Fatal error:  Uncaught TypeError: Cannot access offset of type string on string in C:\Apache24\htdocs\seramer2\views\complaints\edit.php:145
Stack trace:
#0 {main}
  thrown in C:\Apache24\htdocs\seramer2\views\complaints\edit.php on line 145
[05-Aug-2025 00:24:25 UTC] PHP Fatal error:  Uncaught TypeError: Cannot access offset of type string on string in C:\Apache24\htdocs\seramer2\views\complaints\edit.php:145
Stack trace:
#0 {main}
  thrown in C:\Apache24\htdocs\seramer2\views\complaints\edit.php on line 145
[05-Aug-2025 00:26:07 UTC] PHP Fatal error:  Uncaught TypeError: Cannot access offset of type string on string in C:\Apache24\htdocs\seramer2\views\complaints\edit.php:145
Stack trace:
#0 {main}
  thrown in C:\Apache24\htdocs\seramer2\views\complaints\edit.php on line 145
[14-Sep-2025 22:49:32 UTC] Error al ejecutar la consulta: SQLSTATE[42S02]: Base table or view not found: 1146 Table 'seramermvc.adjudicatories' doesn't exist - Query: SELECT c.*, p.stall_code AS position_name, contr.full_name_or_company_name AS contractor_name
                FROM complaints c
                LEFT JOIN market_stalls p ON c.position_id = p.id_stall
                LEFT JOIN adjudicatories contr ON c.contractor_id = contr.id_adjudicatory ORDER BY c.complaint_timestamp DESC LIMIT 10 OFFSET 0
[14-Sep-2025 22:49:32 UTC] Error al ejecutar la consulta: SQLSTATE[42S02]: Base table or view not found: 1146 Table 'seramermvc.adjudicatories' doesn't exist - Query: SELECT COUNT(c.complaint_id)
                FROM complaints c
                LEFT JOIN market_stalls p ON c.position_id = p.id_stall
                LEFT JOIN adjudicatories contr ON c.contractor_id = id_adjudicatory
[14-Sep-2025 23:46:01 UTC] Error al ejecutar la consulta: SQLSTATE[42S02]: Base table or view not found: 1146 Table 'seramermvc.adjudicatories' doesn't exist - Query: SELECT c.*, p.stall_code AS position_name, contr.full_name_or_company_name AS contractor_name
                FROM complaints c
                LEFT JOIN market_stalls p ON c.position_id = p.id_stall
                LEFT JOIN adjudicatories contr ON c.contractor_id = contr.id_adjudicatory ORDER BY c.complaint_timestamp DESC LIMIT 10 OFFSET 0
[14-Sep-2025 23:46:01 UTC] Error al ejecutar la consulta: SQLSTATE[42S02]: Base table or view not found: 1146 Table 'seramermvc.adjudicatories' doesn't exist - Query: SELECT COUNT(c.complaint_id)
                FROM complaints c
                LEFT JOIN market_stalls p ON c.position_id = p.id_stall
                LEFT JOIN adjudicatories contr ON c.contractor_id = id_adjudicatory
[14-Sep-2025 23:46:04 UTC] Error al ejecutar la consulta: SQLSTATE[42S22]: Column not found: 1054 Unknown column 'id_stall' in 'SELECT' - Query: SELECT id_stall, stall_code FROM market_stalls
[14-Sep-2025 23:46:04 UTC] Error al obtener puestos del mercado: SQLSTATE[42S22]: Column not found: 1054 Unknown column 'id_stall' in 'SELECT'
[14-Sep-2025 23:46:08 UTC] Error al ejecutar la consulta: SQLSTATE[42S02]: Base table or view not found: 1146 Table 'seramermvc.adjudicatories' doesn't exist - Query: SELECT c.*, p.stall_code AS position_name, contr.full_name_or_company_name AS contractor_name
                FROM complaints c
                LEFT JOIN market_stalls p ON c.position_id = p.id_stall
                LEFT JOIN adjudicatories contr ON c.contractor_id = contr.id_adjudicatory ORDER BY c.complaint_timestamp DESC LIMIT 10 OFFSET 0
[14-Sep-2025 23:46:08 UTC] Error al ejecutar la consulta: SQLSTATE[42S02]: Base table or view not found: 1146 Table 'seramermvc.adjudicatories' doesn't exist - Query: SELECT COUNT(c.complaint_id)
                FROM complaints c
                LEFT JOIN market_stalls p ON c.position_id = p.id_stall
                LEFT JOIN adjudicatories contr ON c.contractor_id = id_adjudicatory
[14-Sep-2025 23:46:10 UTC] Error al ejecutar la consulta: SQLSTATE[42S22]: Column not found: 1054 Unknown column 'id_stall' in 'SELECT' - Query: SELECT id_stall, stall_code FROM market_stalls
[14-Sep-2025 23:46:10 UTC] Error al obtener puestos del mercado: SQLSTATE[42S22]: Column not found: 1054 Unknown column 'id_stall' in 'SELECT'
[14-Sep-2025 23:46:12 UTC] Error al ejecutar la consulta: SQLSTATE[42S02]: Base table or view not found: 1146 Table 'seramermvc.adjudicatories' doesn't exist - Query: SELECT c.*, p.stall_code AS position_name, contr.full_name_or_company_name AS contractor_name
                FROM complaints c
                LEFT JOIN market_stalls p ON c.position_id = p.id_stall
                LEFT JOIN adjudicatories contr ON c.contractor_id = contr.id_adjudicatory ORDER BY c.complaint_timestamp DESC LIMIT 10 OFFSET 0
[14-Sep-2025 23:46:12 UTC] Error al ejecutar la consulta: SQLSTATE[42S02]: Base table or view not found: 1146 Table 'seramermvc.adjudicatories' doesn't exist - Query: SELECT COUNT(c.complaint_id)
                FROM complaints c
                LEFT JOIN market_stalls p ON c.position_id = p.id_stall
                LEFT JOIN adjudicatories contr ON c.contractor_id = id_adjudicatory
[14-Sep-2025 23:46:14 UTC] Error al ejecutar la consulta: SQLSTATE[42S22]: Column not found: 1054 Unknown column 'id_stall' in 'SELECT' - Query: SELECT id_stall, stall_code FROM market_stalls
[14-Sep-2025 23:46:14 UTC] Error al obtener puestos del mercado: SQLSTATE[42S22]: Column not found: 1054 Unknown column 'id_stall' in 'SELECT'
[14-Sep-2025 23:46:54 UTC] Error al ejecutar la consulta: SQLSTATE[42S02]: Base table or view not found: 1146 Table 'seramermvc.adjudicatories' doesn't exist - Query: SELECT c.*, p.stall_code AS position_name, contr.full_name_or_company_name AS contractor_name
                FROM complaints c
                LEFT JOIN market_stalls p ON c.position_id = p.id_stall
                LEFT JOIN adjudicatories contr ON c.contractor_id = contr.id_adjudicatory ORDER BY c.complaint_timestamp DESC LIMIT 10 OFFSET 0
[14-Sep-2025 23:46:54 UTC] Error al ejecutar la consulta: SQLSTATE[42S02]: Base table or view not found: 1146 Table 'seramermvc.adjudicatories' doesn't exist - Query: SELECT COUNT(c.complaint_id)
                FROM complaints c
                LEFT JOIN market_stalls p ON c.position_id = p.id_stall
                LEFT JOIN adjudicatories contr ON c.contractor_id = id_adjudicatory
[14-Sep-2025 23:48:25 UTC] Error al ejecutar la consulta: SQLSTATE[42S22]: Column not found: 1054 Unknown column 'id_stall' in 'SELECT' - Query: SELECT id_stall, stall_code FROM market_stalls
[14-Sep-2025 23:48:25 UTC] Error al obtener puestos del mercado: SQLSTATE[42S22]: Column not found: 1054 Unknown column 'id_stall' in 'SELECT'
[14-Sep-2025 23:53:17 UTC] Error al ejecutar la consulta: SQLSTATE[42S02]: Base table or view not found: 1146 Table 'seramermvc.adjudicatories' doesn't exist - Query: SELECT c.*, p.stall_code AS position_name, contr.full_name_or_company_name AS contractor_name
                FROM complaints c
                LEFT JOIN market_stalls p ON c.position_id = p.id_stall
                LEFT JOIN adjudicatories contr ON c.contractor_id = contr.id_adjudicatory ORDER BY c.complaint_timestamp DESC LIMIT 10 OFFSET 0
[14-Sep-2025 23:53:17 UTC] Error al ejecutar la consulta: SQLSTATE[42S02]: Base table or view not found: 1146 Table 'seramermvc.adjudicatories' doesn't exist - Query: SELECT COUNT(c.complaint_id)
                FROM complaints c
                LEFT JOIN market_stalls p ON c.position_id = p.id_stall
                LEFT JOIN adjudicatories contr ON c.contractor_id = id_adjudicatory
[14-Sep-2025 23:53:43 UTC] Error al ejecutar la consulta: SQLSTATE[42S02]: Base table or view not found: 1146 Table 'seramermvc.adjudicatories' doesn't exist - Query: SELECT c.*, p.stall_code AS position_name, contr.full_name_or_company_name AS contractor_name
                FROM complaints c
                LEFT JOIN market_stalls p ON c.position_id = p.id_stall
                LEFT JOIN adjudicatories contr ON c.contractor_id = contr.id_adjudicatory ORDER BY c.complaint_timestamp DESC LIMIT 10 OFFSET 0
[14-Sep-2025 23:53:43 UTC] Error al ejecutar la consulta: SQLSTATE[42S02]: Base table or view not found: 1146 Table 'seramermvc.adjudicatories' doesn't exist - Query: SELECT COUNT(c.complaint_id)
                FROM complaints c
                LEFT JOIN market_stalls p ON c.position_id = p.id_stall
                LEFT JOIN adjudicatories contr ON c.contractor_id = id_adjudicatory
[14-Sep-2025 23:54:05 UTC] Error al ejecutar la consulta: SQLSTATE[42S02]: Base table or view not found: 1146 Table 'seramermvc.adjudicatories' doesn't exist - Query: SELECT c.*, p.stall_code AS position_name, contr.full_name_or_company_name AS contractor_name
                FROM complaints c
                LEFT JOIN market_stalls p ON c.position_id = p.id_stall
                LEFT JOIN adjudicatories contr ON c.contractor_id = contr.id_adjudicatory ORDER BY c.complaint_timestamp DESC LIMIT 10 OFFSET 0
[14-Sep-2025 23:54:05 UTC] Error al ejecutar la consulta: SQLSTATE[42S02]: Base table or view not found: 1146 Table 'seramermvc.adjudicatories' doesn't exist - Query: SELECT COUNT(c.complaint_id)
                FROM complaints c
                LEFT JOIN market_stalls p ON c.position_id = p.id_stall
                LEFT JOIN adjudicatories contr ON c.contractor_id = id_adjudicatory
[14-Sep-2025 23:57:38 UTC] Error al ejecutar la consulta: SQLSTATE[42S02]: Base table or view not found: 1146 Table 'seramermvc.adjudicatories' doesn't exist - Query: SELECT c.*, p.stall_code AS position_name, contr.full_name_or_company_name AS contractor_name
                FROM complaints c
                LEFT JOIN market_stalls p ON c.position_id = p.id_stall
                LEFT JOIN adjudicatories contr ON c.contractor_id = contr.id_adjudicatory ORDER BY c.complaint_timestamp DESC LIMIT 10 OFFSET 0
[14-Sep-2025 23:57:38 UTC] Error al ejecutar la consulta: SQLSTATE[42S02]: Base table or view not found: 1146 Table 'seramermvc.adjudicatories' doesn't exist - Query: SELECT COUNT(c.complaint_id)
                FROM complaints c
                LEFT JOIN market_stalls p ON c.position_id = p.id_stall
                LEFT JOIN adjudicatories contr ON c.contractor_id = id_adjudicatory
[15-Sep-2025 00:31:35 UTC] Error al ejecutar la consulta: SQLSTATE[42S22]: Column not found: 1054 Unknown column 'p.stall_code' in 'SELECT' - Query: SELECT c.*, p.stall_code AS position_name, contr.full_name_or_company_name AS contractor_name
                FROM complaints c
                LEFT JOIN market_stalls p ON c.position_id = p.id_stall
                LEFT JOIN awardees contr ON c.contractor_id = contr.id_adjudicatory ORDER BY c.complaint_timestamp DESC LIMIT 10 OFFSET 0
[15-Sep-2025 00:31:35 UTC] Error al ejecutar la consulta: SQLSTATE[42S22]: Column not found: 1054 Unknown column 'c.position_id' in 'ON' - Query: SELECT COUNT(c.complaint_id)
                FROM complaints c
                LEFT JOIN market_stalls p ON c.position_id = p.id_stall
                LEFT JOIN awardees contr ON c.contractor_id = id_adjudicatory
[15-Sep-2025 00:31:39 UTC] Error al ejecutar la consulta: SQLSTATE[42S22]: Column not found: 1054 Unknown column 'p.stall_code' in 'SELECT' - Query: SELECT c.*, p.stall_code AS position_name, contr.full_name_or_company_name AS contractor_name
                FROM complaints c
                LEFT JOIN market_stalls p ON c.position_id = p.id_stall
                LEFT JOIN awardees contr ON c.contractor_id = contr.id_adjudicatory ORDER BY c.complaint_timestamp DESC LIMIT 10 OFFSET 0
[15-Sep-2025 00:31:39 UTC] Error al ejecutar la consulta: SQLSTATE[42S22]: Column not found: 1054 Unknown column 'c.position_id' in 'ON' - Query: SELECT COUNT(c.complaint_id)
                FROM complaints c
                LEFT JOIN market_stalls p ON c.position_id = p.id_stall
                LEFT JOIN awardees contr ON c.contractor_id = id_adjudicatory
[15-Sep-2025 01:02:44 UTC] Error al ejecutar la consulta: SQLSTATE[42S22]: Column not found: 1054 Unknown column 'c.complaint_timestamp' in 'ORDER BY' - Query: SELECT c.*, p.stall_number AS position_name, contr.first_name AS contractor_name
                FROM complaints c
                LEFT JOIN market_stalls p ON c.stall_id = p.id
                LEFT JOIN awardees contr ON c.awardee_id = contr.id ORDER BY c.complaint_timestamp DESC LIMIT 10 OFFSET 0
[15-Sep-2025 01:03:38 UTC] Error al ejecutar la consulta: SQLSTATE[42S22]: Column not found: 1054 Unknown column 'c.complaint_timestamp' in 'ORDER BY' - Query: SELECT c.*, p.stall_number AS position_name, contr.first_name AS contractor_name
                FROM complaints c
                LEFT JOIN market_stalls p ON c.stall_id = p.id
                LEFT JOIN awardees contr ON c.awardee_id = contr.id ORDER BY c.complaint_timestamp DESC LIMIT 10 OFFSET 0
[15-Sep-2025 01:08:17 UTC] Error al ejecutar la consulta: SQLSTATE[42S22]: Column not found: 1054 Unknown column 'id_stall' in 'SELECT' - Query: SELECT id_stall, stall_code FROM market_stalls
[15-Sep-2025 01:08:17 UTC] Error al obtener puestos del mercado: SQLSTATE[42S22]: Column not found: 1054 Unknown column 'id_stall' in 'SELECT'
[15-Sep-2025 01:08:19 UTC] Error al ejecutar la consulta: SQLSTATE[42S22]: Column not found: 1054 Unknown column 'c.complaint_timestamp' in 'ORDER BY' - Query: SELECT c.*, p.stall_number AS position_name, contr.first_name AS contractor_name
                FROM complaints c
                LEFT JOIN market_stalls p ON c.stall_id = p.id
                LEFT JOIN awardees contr ON c.awardee_id = contr.id ORDER BY c.complaint_timestamp DESC LIMIT 10 OFFSET 0
[15-Sep-2025 01:37:46 UTC] Error al ejecutar la consulta: SQLSTATE[42S22]: Column not found: 1054 Unknown column 'id_stall' in 'SELECT' - Query: SELECT id_stall, stall_code FROM market_stalls
[15-Sep-2025 01:37:46 UTC] Error al obtener puestos del mercado: SQLSTATE[42S22]: Column not found: 1054 Unknown column 'id_stall' in 'SELECT'
[15-Sep-2025 01:38:07 UTC] Error al ejecutar la consulta: SQLSTATE[42S22]: Column not found: 1054 Unknown column 'c.complaint_timestamp' in 'ORDER BY' - Query: SELECT c.*, p.stall_number AS position_name, contr.first_name AS contractor_name
                FROM complaints c
                LEFT JOIN market_stalls p ON c.stall_id = p.id
                LEFT JOIN awardees contr ON c.awardee_id = contr.id ORDER BY c.complaint_timestamp DESC LIMIT 10 OFFSET 0
[15-Sep-2025 01:42:28 UTC] Error al ejecutar la consulta: SQLSTATE[42S22]: Column not found: 1054 Unknown column 'c.complaint_timestamp' in 'ORDER BY' - Query: SELECT c.*, p.stall_number AS position_name, contr.first_name AS contractor_name
                FROM complaints c
                LEFT JOIN market_stalls p ON c.stall_id = p.id
                LEFT JOIN awardees contr ON c.awardee_id = contr.id ORDER BY c.complaint_timestamp DESC LIMIT 10 OFFSET 0
[15-Sep-2025 01:45:32 UTC] Error al ejecutar la consulta: SQLSTATE[42S22]: Column not found: 1054 Unknown column 'id_stall' in 'SELECT' - Query: SELECT id_stall, stall_code FROM market_stalls
[15-Sep-2025 01:45:32 UTC] Error al obtener puestos del mercado: SQLSTATE[42S22]: Column not found: 1054 Unknown column 'id_stall' in 'SELECT'
[15-Sep-2025 01:46:35 UTC] Error al ejecutar la consulta: SQLSTATE[42S22]: Column not found: 1054 Unknown column 'id_stall' in 'SELECT' - Query: SELECT id_stall, stall_code FROM market_stalls
[15-Sep-2025 01:47:38 UTC] Error al obtener puestos del mercado: SQLSTATE[42S22]: Column not found: 1054 Unknown column 'id_stall' in 'SELECT'
[15-Sep-2025 11:57:21 UTC] Error al obtener puestos del mercado: SQLSTATE[42S22]: Column not found: 1054 Unknown column 'id_stall' in 'SELECT'
[15-Sep-2025 13:46:23 UTC] Error al obtener puestos del mercado: SQLSTATE[42S22]: Column not found: 1054 Unknown column 'id_stall' in 'SELECT'
[16-Sep-2025 00:00:50 UTC] PHP Warning:  require_once(C:\Apache24\htdocs\seramer2\views\inspections/../../controllers/InspectionReportsController.php): Failed to open stream: No such file or directory in C:\Apache24\htdocs\seramer2\views\inspections\create.php on line 7
[16-Sep-2025 00:00:50 UTC] PHP Fatal error:  Uncaught Error: Failed opening required 'C:\Apache24\htdocs\seramer2\views\inspections/../../controllers/InspectionReportsController.php' (include_path='.;C:\php\pear') in C:\Apache24\htdocs\seramer2\views\inspections\create.php:7
Stack trace:
#0 {main}
  thrown in C:\Apache24\htdocs\seramer2\views\inspections\create.php on line 7
[16-Sep-2025 00:00:51 UTC] PHP Warning:  require_once(C:\Apache24\htdocs\seramer2\views\inspections/../../controllers/InspectionReportsController.php): Failed to open stream: No such file or directory in C:\Apache24\htdocs\seramer2\views\inspections\create.php on line 7
[16-Sep-2025 00:00:51 UTC] PHP Fatal error:  Uncaught Error: Failed opening required 'C:\Apache24\htdocs\seramer2\views\inspections/../../controllers/InspectionReportsController.php' (include_path='.;C:\php\pear') in C:\Apache24\htdocs\seramer2\views\inspections\create.php:7
Stack trace:
#0 {main}
  thrown in C:\Apache24\htdocs\seramer2\views\inspections\create.php on line 7
[16-Sep-2025 00:01:07 UTC] PHP Warning:  require_once(C:\Apache24\htdocs\seramer2\views\inspections/../../controllers/InspectionReportsController.php): Failed to open stream: No such file or directory in C:\Apache24\htdocs\seramer2\views\inspections\index.php on line 3
[16-Sep-2025 00:01:07 UTC] PHP Fatal error:  Uncaught Error: Failed opening required 'C:\Apache24\htdocs\seramer2\views\inspections/../../controllers/InspectionReportsController.php' (include_path='.;C:\php\pear') in C:\Apache24\htdocs\seramer2\views\inspections\index.php:3
Stack trace:
#0 {main}
  thrown in C:\Apache24\htdocs\seramer2\views\inspections\index.php on line 3
[16-Sep-2025 00:01:14 UTC] PHP Warning:  require_once(C:\Apache24\htdocs\seramer2\views\inspections/../../controllers/InspectionReportsController.php): Failed to open stream: No such file or directory in C:\Apache24\htdocs\seramer2\views\inspections\create.php on line 7
[16-Sep-2025 00:01:14 UTC] PHP Fatal error:  Uncaught Error: Failed opening required 'C:\Apache24\htdocs\seramer2\views\inspections/../../controllers/InspectionReportsController.php' (include_path='.;C:\php\pear') in C:\Apache24\htdocs\seramer2\views\inspections\create.php:7
Stack trace:
#0 {main}
  thrown in C:\Apache24\htdocs\seramer2\views\inspections\create.php on line 7
[16-Sep-2025 00:04:48 UTC] PHP Warning:  require_once(C:\Apache24\htdocs\seramer2\views\inspections/../../controllers/InspectionReportsController.php): Failed to open stream: No such file or directory in C:\Apache24\htdocs\seramer2\views\inspections\create.php on line 7
[16-Sep-2025 00:04:48 UTC] PHP Fatal error:  Uncaught Error: Failed opening required 'C:\Apache24\htdocs\seramer2\views\inspections/../../controllers/InspectionReportsController.php' (include_path='.;C:\php\pear') in C:\Apache24\htdocs\seramer2\views\inspections\create.php:7
Stack trace:
#0 {main}
  thrown in C:\Apache24\htdocs\seramer2\views\inspections\create.php on line 7
[16-Sep-2025 00:04:52 UTC] PHP Warning:  require_once(C:\Apache24\htdocs\seramer2\views\inspections/../../controllers/InspectionReportsController.php): Failed to open stream: No such file or directory in C:\Apache24\htdocs\seramer2\views\inspections\create.php on line 7
[16-Sep-2025 00:04:52 UTC] PHP Fatal error:  Uncaught Error: Failed opening required 'C:\Apache24\htdocs\seramer2\views\inspections/../../controllers/InspectionReportsController.php' (include_path='.;C:\php\pear') in C:\Apache24\htdocs\seramer2\views\inspections\create.php:7
Stack trace:
#0 {main}
  thrown in C:\Apache24\htdocs\seramer2\views\inspections\create.php on line 7
[16-Sep-2025 00:04:57 UTC] PHP Warning:  require_once(C:\Apache24\htdocs\seramer2\views\inspections/../../controllers/InspectionReportsController.php): Failed to open stream: No such file or directory in C:\Apache24\htdocs\seramer2\views\inspections\create.php on line 7
[16-Sep-2025 00:04:57 UTC] PHP Fatal error:  Uncaught Error: Failed opening required 'C:\Apache24\htdocs\seramer2\views\inspections/../../controllers/InspectionReportsController.php' (include_path='.;C:\php\pear') in C:\Apache24\htdocs\seramer2\views\inspections\create.php:7
Stack trace:
#0 {main}
  thrown in C:\Apache24\htdocs\seramer2\views\inspections\create.php on line 7
[16-Sep-2025 00:06:10 UTC] PHP Warning:  require_once(C:\Apache24\htdocs\seramer2\views\inspections/../../controllers/InspectionReportsController.php): Failed to open stream: No such file or directory in C:\Apache24\htdocs\seramer2\views\inspections\create.php on line 7
[16-Sep-2025 00:06:10 UTC] PHP Fatal error:  Uncaught Error: Failed opening required 'C:\Apache24\htdocs\seramer2\views\inspections/../../controllers/InspectionReportsController.php' (include_path='.;C:\php\pear') in C:\Apache24\htdocs\seramer2\views\inspections\create.php:7
Stack trace:
#0 {main}
  thrown in C:\Apache24\htdocs\seramer2\views\inspections\create.php on line 7
[16-Sep-2025 00:06:12 UTC] PHP Warning:  require_once(C:\Apache24\htdocs\seramer2\views\inspections/../../controllers/InspectionReportsController.php): Failed to open stream: No such file or directory in C:\Apache24\htdocs\seramer2\views\inspections\create.php on line 7
[16-Sep-2025 00:06:12 UTC] PHP Fatal error:  Uncaught Error: Failed opening required 'C:\Apache24\htdocs\seramer2\views\inspections/../../controllers/InspectionReportsController.php' (include_path='.;C:\php\pear') in C:\Apache24\htdocs\seramer2\views\inspections\create.php:7
Stack trace:
#0 {main}
  thrown in C:\Apache24\htdocs\seramer2\views\inspections\create.php on line 7
[16-Sep-2025 00:06:16 UTC] PHP Warning:  require_once(C:\Apache24\htdocs\seramer2\views\inspections/../../controllers/InspectionReportsController.php): Failed to open stream: No such file or directory in C:\Apache24\htdocs\seramer2\views\inspections\create.php on line 7
[16-Sep-2025 00:06:16 UTC] PHP Fatal error:  Uncaught Error: Failed opening required 'C:\Apache24\htdocs\seramer2\views\inspections/../../controllers/InspectionReportsController.php' (include_path='.;C:\php\pear') in C:\Apache24\htdocs\seramer2\views\inspections\create.php:7
Stack trace:
#0 {main}
  thrown in C:\Apache24\htdocs\seramer2\views\inspections\create.php on line 7
[16-Sep-2025 00:09:01 UTC] PHP Warning:  require_once(C:\Apache24\htdocs\seramer2\views\inspections/../../controllers/InspectionReportsController.php): Failed to open stream: No such file or directory in C:\Apache24\htdocs\seramer2\views\inspections\create.php on line 7
[16-Sep-2025 00:09:01 UTC] PHP Fatal error:  Uncaught Error: Failed opening required 'C:\Apache24\htdocs\seramer2\views\inspections/../../controllers/InspectionReportsController.php' (include_path='.;C:\php\pear') in C:\Apache24\htdocs\seramer2\views\inspections\create.php:7
Stack trace:
#0 {main}
  thrown in C:\Apache24\htdocs\seramer2\views\inspections\create.php on line 7
[16-Sep-2025 00:09:16 UTC] PHP Warning:  require_once(C:\Apache24\htdocs\seramer2\views\inspections/../../controllers/InspectionReportsController.php): Failed to open stream: No such file or directory in C:\Apache24\htdocs\seramer2\views\inspections\create.php on line 7
[16-Sep-2025 00:09:16 UTC] PHP Fatal error:  Uncaught Error: Failed opening required 'C:\Apache24\htdocs\seramer2\views\inspections/../../controllers/InspectionReportsController.php' (include_path='.;C:\php\pear') in C:\Apache24\htdocs\seramer2\views\inspections\create.php:7
Stack trace:
#0 {main}
  thrown in C:\Apache24\htdocs\seramer2\views\inspections\create.php on line 7
[16-Sep-2025 00:09:21 UTC] PHP Warning:  require_once(C:\Apache24\htdocs\seramer2\views\inspections/../../controllers/InspectionReportsController.php): Failed to open stream: No such file or directory in C:\Apache24\htdocs\seramer2\views\inspections\index.php on line 3
[16-Sep-2025 00:09:21 UTC] PHP Fatal error:  Uncaught Error: Failed opening required 'C:\Apache24\htdocs\seramer2\views\inspections/../../controllers/InspectionReportsController.php' (include_path='.;C:\php\pear') in C:\Apache24\htdocs\seramer2\views\inspections\index.php:3
Stack trace:
#0 {main}
  thrown in C:\Apache24\htdocs\seramer2\views\inspections\index.php on line 3
[16-Sep-2025 00:10:41 UTC] Error al ejecutar la consulta: SQLSTATE[42S22]: Column not found: 1054 Unknown column 'mi.full_name' in 'SELECT' - Query: SELECT ir.*, si.scheduled_date, mi.full_name AS main_inspector_name, ai.full_name AS assistant_inspector_name, s.stall_code AS stall_name, a.full_name_or_company_name AS awardee_name
                FROM inspection_reports ir
                LEFT JOIN scheduled_inspections si ON ir.scheduled_inspection_id = si.scheduled_inspection_id
                LEFT JOIN users mi ON ir.main_inspector_id = mi.user_id
                LEFT JOIN users ai ON ir.assistant_inspector_id = ai.user_id
                LEFT JOIN market_stalls s ON ir.stall_id = s.stall_id
                LEFT JOIN awardees a ON ir.awardee_id = a.awardee_id ORDER BY ir.creation_date DESC LIMIT 10 OFFSET 0
[16-Sep-2025 00:10:41 UTC] Error al ejecutar la consulta: SQLSTATE[42S22]: Column not found: 1054 Unknown column 'mi.user_id' in 'ON' - Query: SELECT COUNT(ir.report_id)
                FROM inspection_reports ir
                LEFT JOIN users mi ON ir.main_inspector_id = mi.user_id
                LEFT JOIN users ai ON ir.assistant_inspector_id = ai.user_id
                LEFT JOIN market_stalls s ON ir.stall_id = s.stall_id
                LEFT JOIN awardees a ON ir.awardee_id = a.awardee_id
[16-Sep-2025 00:10:49 UTC] Error al ejecutar la consulta: SQLSTATE[42S22]: Column not found: 1054 Unknown column 'user_id' in 'SELECT' - Query: SELECT user_id, full_name FROM users WHERE role = 'inspector' ORDER BY full_name
[16-Sep-2025 00:10:49 UTC] Error al ejecutar la consulta: SQLSTATE[42S22]: Column not found: 1054 Unknown column 'stall_id' in 'SELECT' - Query: SELECT stall_id, stall_code FROM market_stalls ORDER BY stall_code
[16-Sep-2025 00:10:49 UTC] Error al ejecutar la consulta: SQLSTATE[42S22]: Column not found: 1054 Unknown column 'awardee_id' in 'SELECT' - Query: SELECT awardee_id, full_name_or_company_name FROM awardees ORDER BY full_name_or_company_name
[16-Sep-2025 00:11:38 UTC] Error al ejecutar la consulta: SQLSTATE[42S22]: Column not found: 1054 Unknown column 'mi.full_name' in 'SELECT' - Query: SELECT ir.*, si.scheduled_date, mi.full_name AS main_inspector_name, ai.full_name AS assistant_inspector_name, s.stall_code AS stall_name, a.full_name_or_company_name AS awardee_name
                FROM inspection_reports ir
                LEFT JOIN scheduled_inspections si ON ir.scheduled_inspection_id = si.scheduled_inspection_id
                LEFT JOIN users mi ON ir.main_inspector_id = mi.user_id
                LEFT JOIN users ai ON ir.assistant_inspector_id = ai.user_id
                LEFT JOIN market_stalls s ON ir.stall_id = s.stall_id
                LEFT JOIN awardees a ON ir.awardee_id = a.awardee_id ORDER BY ir.creation_date DESC LIMIT 10 OFFSET 0
[16-Sep-2025 00:11:38 UTC] Error al ejecutar la consulta: SQLSTATE[42S22]: Column not found: 1054 Unknown column 'mi.user_id' in 'ON' - Query: SELECT COUNT(ir.report_id)
                FROM inspection_reports ir
                LEFT JOIN users mi ON ir.main_inspector_id = mi.user_id
                LEFT JOIN users ai ON ir.assistant_inspector_id = ai.user_id
                LEFT JOIN market_stalls s ON ir.stall_id = s.stall_id
                LEFT JOIN awardees a ON ir.awardee_id = a.awardee_id
[16-Sep-2025 01:34:03 UTC] Error al ejecutar la consulta: SQLSTATE[42S22]: Column not found: 1054 Unknown column 'user_id' in 'SELECT' - Query: SELECT user_id, full_name FROM users WHERE role = 'inspector' ORDER BY full_name
[16-Sep-2025 01:34:03 UTC] Error al ejecutar la consulta: SQLSTATE[42S22]: Column not found: 1054 Unknown column 'stall_id' in 'SELECT' - Query: SELECT stall_id, stall_code FROM market_stalls ORDER BY stall_code
[16-Sep-2025 01:34:03 UTC] Error al ejecutar la consulta: SQLSTATE[42S22]: Column not found: 1054 Unknown column 'awardee_id' in 'SELECT' - Query: SELECT awardee_id, full_name_or_company_name FROM awardees ORDER BY full_name_or_company_name
[16-Sep-2025 02:17:55 UTC] Error al ejecutar la consulta: SQLSTATE[42S22]: Column not found: 1054 Unknown column 'user_id' in 'SELECT' - Query: SELECT user_id, full_name FROM users WHERE role = 'inspector' ORDER BY full_name
[16-Sep-2025 02:17:55 UTC] Error al ejecutar la consulta: SQLSTATE[42S22]: Column not found: 1054 Unknown column 'stall_id' in 'SELECT' - Query: SELECT stall_id, stall_code FROM market_stalls ORDER BY stall_code
[16-Sep-2025 02:17:55 UTC] Error al ejecutar la consulta: SQLSTATE[42S22]: Column not found: 1054 Unknown column 'awardee_id' in 'SELECT' - Query: SELECT awardee_id, full_name_or_company_name FROM awardees ORDER BY full_name_or_company_name
[16-Sep-2025 02:21:59 UTC] Error al ejecutar la consulta: SQLSTATE[42S22]: Column not found: 1054 Unknown column 'user_id' in 'SELECT' - Query: SELECT user_id, full_name FROM users WHERE role = 'inspector' ORDER BY full_name
[16-Sep-2025 02:21:59 UTC] Error al ejecutar la consulta: SQLSTATE[42S22]: Column not found: 1054 Unknown column 'stall_id' in 'SELECT' - Query: SELECT stall_id, stall_code FROM market_stalls ORDER BY stall_code
[16-Sep-2025 02:21:59 UTC] Error al ejecutar la consulta: SQLSTATE[42S22]: Column not found: 1054 Unknown column 'awardee_id' in 'SELECT' - Query: SELECT awardee_id, full_name_or_company_name FROM awardees ORDER BY full_name_or_company_name
[16-Sep-2025 02:23:32 UTC] Error al ejecutar la consulta: SQLSTATE[42S22]: Column not found: 1054 Unknown column 'user_id' in 'SELECT' - Query: SELECT user_id, full_name FROM users WHERE role = 'inspector' ORDER BY full_name
[16-Sep-2025 02:23:32 UTC] Error al ejecutar la consulta: SQLSTATE[42S22]: Column not found: 1054 Unknown column 'stall_id' in 'SELECT' - Query: SELECT stall_id, stall_code FROM market_stalls ORDER BY stall_code
[16-Sep-2025 02:23:32 UTC] Error al ejecutar la consulta: SQLSTATE[42S22]: Column not found: 1054 Unknown column 'awardee_id' in 'SELECT' - Query: SELECT awardee_id, full_name_or_company_name FROM awardees ORDER BY full_name_or_company_name
[16-Sep-2025 11:52:07 UTC] Error al ejecutar la consulta: SQLSTATE[42S22]: Column not found: 1054 Unknown column 'user_id' in 'SELECT' - Query: SELECT user_id, full_name FROM users WHERE role = 'inspector' ORDER BY full_name
[16-Sep-2025 11:52:07 UTC] Error al ejecutar la consulta: SQLSTATE[42S22]: Column not found: 1054 Unknown column 'stall_id' in 'SELECT' - Query: SELECT stall_id, stall_code FROM market_stalls ORDER BY stall_code
[16-Sep-2025 11:52:07 UTC] Error al ejecutar la consulta: SQLSTATE[42S22]: Column not found: 1054 Unknown column 'awardee_id' in 'SELECT' - Query: SELECT awardee_id, full_name_or_company_name FROM awardees ORDER BY full_name_or_company_name
[16-Sep-2025 11:52:37 UTC] Error al ejecutar la consulta: SQLSTATE[42S22]: Column not found: 1054 Unknown column 'mi.full_name' in 'SELECT' - Query: SELECT ir.*, si.scheduled_date, mi.full_name AS main_inspector_name, ai.full_name AS assistant_inspector_name, s.stall_number AS stall_name, a.full_name_or_company_name AS awardee_name
                FROM inspection_reports ir
                LEFT JOIN scheduled_inspections si ON ir.scheduled_inspection_id = si.scheduled_inspection_id
                LEFT JOIN users mi ON ir.main_inspector_id = mi.user_id
                LEFT JOIN users ai ON ir.assistant_inspector_id = ai.user_id
                LEFT JOIN market_stalls s ON ir.stall_id = s.stall_id
                LEFT JOIN awardees a ON ir.awardee_id = a.awardee_id ORDER BY ir.creation_date DESC LIMIT 10 OFFSET 0
[16-Sep-2025 11:52:37 UTC] Error al ejecutar la consulta: SQLSTATE[42S22]: Column not found: 1054 Unknown column 'mi.user_id' in 'ON' - Query: SELECT COUNT(ir.report_id)
                FROM inspection_reports ir
                LEFT JOIN users mi ON ir.main_inspector_id = mi.user_id
                LEFT JOIN users ai ON ir.assistant_inspector_id = ai.user_id
                LEFT JOIN market_stalls s ON ir.stall_id = s.stall_id
                LEFT JOIN awardees a ON ir.awardee_id = a.awardee_id
[16-Sep-2025 11:52:42 UTC] Error al ejecutar la consulta: SQLSTATE[42S22]: Column not found: 1054 Unknown column 'user_id' in 'SELECT' - Query: SELECT user_id, full_name FROM users WHERE role = 'inspector' ORDER BY full_name
[16-Sep-2025 11:52:42 UTC] Error al ejecutar la consulta: SQLSTATE[42S22]: Column not found: 1054 Unknown column 'stall_id' in 'SELECT' - Query: SELECT stall_id, stall_code FROM market_stalls ORDER BY stall_code
[16-Sep-2025 11:52:42 UTC] Error al ejecutar la consulta: SQLSTATE[42S22]: Column not found: 1054 Unknown column 'awardee_id' in 'SELECT' - Query: SELECT awardee_id, full_name_or_company_name FROM awardees ORDER BY full_name_or_company_name
[16-Sep-2025 11:53:16 UTC] Error al ejecutar la consulta: SQLSTATE[42S22]: Column not found: 1054 Unknown column 'user_id' in 'SELECT' - Query: SELECT user_id, full_name FROM users WHERE role = 'inspector' ORDER BY full_name
[16-Sep-2025 11:53:16 UTC] Error al ejecutar la consulta: SQLSTATE[42S22]: Column not found: 1054 Unknown column 'stall_id' in 'SELECT' - Query: SELECT stall_id, stall_code FROM market_stalls ORDER BY stall_code
[16-Sep-2025 11:53:16 UTC] Error al ejecutar la consulta: SQLSTATE[42S22]: Column not found: 1054 Unknown column 'awardee_id' in 'SELECT' - Query: SELECT awardee_id, full_name_or_company_name FROM awardees ORDER BY full_name_or_company_name
[16-Sep-2025 20:49:43 UTC] Error al ejecutar la consulta: SQLSTATE[42S22]: Column not found: 1054 Unknown column 'user_id' in 'SELECT' - Query: SELECT user_id, full_name FROM users WHERE role = 'inspector' ORDER BY full_name
[16-Sep-2025 20:49:43 UTC] Error al ejecutar la consulta: SQLSTATE[42S22]: Column not found: 1054 Unknown column 'stall_id' in 'SELECT' - Query: SELECT stall_id, stall_code FROM market_stalls ORDER BY stall_code
[16-Sep-2025 20:49:43 UTC] Error al ejecutar la consulta: SQLSTATE[42S22]: Column not found: 1054 Unknown column 'awardee_id' in 'SELECT' - Query: SELECT awardee_id, full_name_or_company_name FROM awardees ORDER BY full_name_or_company_name
[16-Sep-2025 20:53:38 UTC] Error al ejecutar la consulta: SQLSTATE[42S22]: Column not found: 1054 Unknown column 'stall_id' in 'SELECT' - Query: SELECT stall_id, stall_code FROM market_stalls ORDER BY stall_code
[16-Sep-2025 20:53:38 UTC] Error al ejecutar la consulta: SQLSTATE[42S22]: Column not found: 1054 Unknown column 'awardee_id' in 'SELECT' - Query: SELECT awardee_id, full_name_or_company_name FROM awardees ORDER BY full_name_or_company_name
[16-Sep-2025 20:53:38 UTC] PHP Warning:  Undefined array key "user_id" in C:\Apache24\htdocs\seramer2\views\inspections\create.php on line 107
[16-Sep-2025 20:53:38 UTC] PHP Warning:  Undefined array key "user_id" in C:\Apache24\htdocs\seramer2\views\inspections\create.php on line 108
[16-Sep-2025 20:53:38 UTC] PHP Warning:  Undefined array key "user_id" in C:\Apache24\htdocs\seramer2\views\inspections\create.php on line 107
[16-Sep-2025 20:53:38 UTC] PHP Warning:  Undefined array key "user_id" in C:\Apache24\htdocs\seramer2\views\inspections\create.php on line 108
[16-Sep-2025 20:53:38 UTC] PHP Warning:  Undefined array key "user_id" in C:\Apache24\htdocs\seramer2\views\inspections\create.php on line 107
[16-Sep-2025 20:53:38 UTC] PHP Warning:  Undefined array key "user_id" in C:\Apache24\htdocs\seramer2\views\inspections\create.php on line 108
[16-Sep-2025 20:53:38 UTC] PHP Warning:  Undefined array key "user_id" in C:\Apache24\htdocs\seramer2\views\inspections\create.php on line 122
[16-Sep-2025 20:53:38 UTC] PHP Warning:  Undefined array key "user_id" in C:\Apache24\htdocs\seramer2\views\inspections\create.php on line 123
[16-Sep-2025 20:53:38 UTC] PHP Warning:  Undefined array key "user_id" in C:\Apache24\htdocs\seramer2\views\inspections\create.php on line 122
[16-Sep-2025 20:53:38 UTC] PHP Warning:  Undefined array key "user_id" in C:\Apache24\htdocs\seramer2\views\inspections\create.php on line 123
[16-Sep-2025 20:53:38 UTC] PHP Warning:  Undefined array key "user_id" in C:\Apache24\htdocs\seramer2\views\inspections\create.php on line 122
[16-Sep-2025 20:53:38 UTC] PHP Warning:  Undefined array key "user_id" in C:\Apache24\htdocs\seramer2\views\inspections\create.php on line 123
[16-Sep-2025 20:55:48 UTC] Error al ejecutar la consulta: SQLSTATE[42S22]: Column not found: 1054 Unknown column 'stall_id' in 'SELECT' - Query: SELECT stall_id, stall_code FROM market_stalls ORDER BY stall_code
[16-Sep-2025 20:55:48 UTC] Error al ejecutar la consulta: SQLSTATE[42S22]: Column not found: 1054 Unknown column 'awardee_id' in 'SELECT' - Query: SELECT awardee_id, full_name_or_company_name FROM awardees ORDER BY full_name_or_company_name
[16-Sep-2025 20:58:01 UTC] Error al ejecutar la consulta: SQLSTATE[42S22]: Column not found: 1054 Unknown column 'stall_code' in 'ORDER BY' - Query: SELECT id, stall_number FROM market_stalls ORDER BY stall_code
[16-Sep-2025 20:58:01 UTC] Error al ejecutar la consulta: SQLSTATE[42S22]: Column not found: 1054 Unknown column 'firt_name' in 'SELECT' - Query: SELECT id, firt_name FROM awardees ORDER BY firt_name
[16-Sep-2025 22:02:59 UTC] Error al ejecutar la consulta: SQLSTATE[42S22]: Column not found: 1054 Unknown column 'stall_code' in 'ORDER BY' - Query: SELECT id, stall_number FROM market_stalls ORDER BY stall_code
[16-Sep-2025 22:02:59 UTC] Error al ejecutar la consulta: SQLSTATE[42S22]: Column not found: 1054 Unknown column 'firt_name' in 'SELECT' - Query: SELECT id, firt_name FROM awardees ORDER BY firt_name
[16-Sep-2025 22:03:09 UTC] Error al ejecutar la consulta: SQLSTATE[42S22]: Column not found: 1054 Unknown column 'stall_code' in 'ORDER BY' - Query: SELECT id, stall_number FROM market_stalls ORDER BY stall_code
[16-Sep-2025 22:03:09 UTC] Error al ejecutar la consulta: SQLSTATE[42S22]: Column not found: 1054 Unknown column 'firt_name' in 'SELECT' - Query: SELECT id, firt_name FROM awardees ORDER BY firt_name
[16-Sep-2025 22:03:17 UTC] Error al ejecutar la consulta: SQLSTATE[42S22]: Column not found: 1054 Unknown column 'stall_code' in 'ORDER BY' - Query: SELECT id, stall_number FROM market_stalls ORDER BY stall_code
[16-Sep-2025 22:03:17 UTC] Error al ejecutar la consulta: SQLSTATE[42S22]: Column not found: 1054 Unknown column 'firt_name' in 'SELECT' - Query: SELECT id, firt_name FROM awardees ORDER BY firt_name
[16-Sep-2025 22:04:59 UTC] Error al ejecutar la consulta: SQLSTATE[42S22]: Column not found: 1054 Unknown column 'firt_name' in 'SELECT' - Query: SELECT id, firt_name FROM awardees ORDER BY firt_name
[16-Sep-2025 22:04:59 UTC] PHP Warning:  Undefined array key "stall_id" in C:\Apache24\htdocs\seramer2\views\inspections\create.php on line 137
[16-Sep-2025 22:04:59 UTC] PHP Warning:  Undefined array key "stall_id" in C:\Apache24\htdocs\seramer2\views\inspections\create.php on line 138
[16-Sep-2025 22:04:59 UTC] PHP Warning:  Undefined array key "stall_code" in C:\Apache24\htdocs\seramer2\views\inspections\create.php on line 139
[16-Sep-2025 22:05:26 UTC] PHP Warning:  Undefined array key "stall_id" in C:\Apache24\htdocs\seramer2\views\inspections\create.php on line 137
[16-Sep-2025 22:05:26 UTC] PHP Warning:  Undefined array key "stall_id" in C:\Apache24\htdocs\seramer2\views\inspections\create.php on line 138
[16-Sep-2025 22:05:26 UTC] PHP Warning:  Undefined array key "stall_code" in C:\Apache24\htdocs\seramer2\views\inspections\create.php on line 139
[16-Sep-2025 22:05:26 UTC] PHP Warning:  Undefined array key "awardee_id" in C:\Apache24\htdocs\seramer2\views\inspections\create.php on line 152
[16-Sep-2025 22:05:26 UTC] PHP Warning:  Undefined array key "awardee_id" in C:\Apache24\htdocs\seramer2\views\inspections\create.php on line 153
[16-Sep-2025 22:05:26 UTC] PHP Warning:  Undefined array key "full_name_or_company_name" in C:\Apache24\htdocs\seramer2\views\inspections\create.php on line 154
[16-Sep-2025 22:05:26 UTC] PHP Warning:  Undefined array key "awardee_id" in C:\Apache24\htdocs\seramer2\views\inspections\create.php on line 152
[16-Sep-2025 22:05:26 UTC] PHP Warning:  Undefined array key "awardee_id" in C:\Apache24\htdocs\seramer2\views\inspections\create.php on line 153
[16-Sep-2025 22:05:26 UTC] PHP Warning:  Undefined array key "full_name_or_company_name" in C:\Apache24\htdocs\seramer2\views\inspections\create.php on line 154
[16-Sep-2025 22:08:32 UTC] PHP Warning:  Undefined array key "awardee_id" in C:\Apache24\htdocs\seramer2\views\inspections\create.php on line 152
[16-Sep-2025 22:08:32 UTC] PHP Warning:  Undefined array key "awardee_id" in C:\Apache24\htdocs\seramer2\views\inspections\create.php on line 153
[16-Sep-2025 22:08:32 UTC] PHP Warning:  Undefined array key "full_name_or_company_name" in C:\Apache24\htdocs\seramer2\views\inspections\create.php on line 154
[16-Sep-2025 22:08:32 UTC] PHP Warning:  Undefined array key "awardee_id" in C:\Apache24\htdocs\seramer2\views\inspections\create.php on line 152
[16-Sep-2025 22:08:32 UTC] PHP Warning:  Undefined array key "awardee_id" in C:\Apache24\htdocs\seramer2\views\inspections\create.php on line 153
[16-Sep-2025 22:08:32 UTC] PHP Warning:  Undefined array key "full_name_or_company_name" in C:\Apache24\htdocs\seramer2\views\inspections\create.php on line 154
[16-Sep-2025 23:59:04 UTC] Error al ejecutar la consulta: SQLSTATE[22007]: Invalid datetime format: 1366 Incorrect integer value: '' for column `seramermvc`.`inspection_reports`.`scheduled_inspection_id` at row 1 - Query: INSERT INTO inspection_reports (scheduled_inspection_id, main_inspector_id, assistant_inspector_id, stall_id, awardee_id, general_observations, inspector_signature_url, assistant_signature_url) 
                VALUES (?, ?, ?, ?, ?, ?, ?, ?)
[17-Sep-2025 00:42:47 UTC] Error al ejecutar la consulta: SQLSTATE[42S22]: Column not found: 1054 Unknown column 'user_id' in 'SELECT' - Query: SELECT user_id, full_name FROM users WHERE is_active = TRUE ORDER BY full_name
[17-Sep-2025 00:43:53 UTC] PHP Warning:  Undefined array key "user_id" in C:\Apache24\htdocs\seramer2\views\inspections\create.php on line 203
[17-Sep-2025 00:43:53 UTC] PHP Warning:  Undefined array key "user_id" in C:\Apache24\htdocs\seramer2\views\inspections\create.php on line 203
[17-Sep-2025 00:43:53 UTC] PHP Warning:  Undefined array key "user_id" in C:\Apache24\htdocs\seramer2\views\inspections\create.php on line 203
[17-Sep-2025 00:43:53 UTC] PHP Warning:  Undefined array key "user_id" in C:\Apache24\htdocs\seramer2\views\inspections\create.php on line 203
[17-Sep-2025 00:43:53 UTC] PHP Warning:  Undefined array key "user_id" in C:\Apache24\htdocs\seramer2\views\inspections\create.php on line 203
[17-Sep-2025 00:43:53 UTC] PHP Warning:  Undefined array key "user_id" in C:\Apache24\htdocs\seramer2\views\inspections\create.php on line 203
[17-Sep-2025 00:43:53 UTC] PHP Warning:  Undefined array key "user_id" in C:\Apache24\htdocs\seramer2\views\inspections\create.php on line 203
[17-Sep-2025 00:43:53 UTC] PHP Warning:  Undefined array key "user_id" in C:\Apache24\htdocs\seramer2\views\inspections\create.php on line 203
[17-Sep-2025 00:43:53 UTC] PHP Warning:  Undefined array key "user_id" in C:\Apache24\htdocs\seramer2\views\inspections\create.php on line 203
[17-Sep-2025 00:43:53 UTC] PHP Warning:  Undefined array key "user_id" in C:\Apache24\htdocs\seramer2\views\inspections\create.php on line 203
[17-Sep-2025 00:43:53 UTC] PHP Warning:  Undefined array key "user_id" in C:\Apache24\htdocs\seramer2\views\inspections\create.php on line 203
[17-Sep-2025 00:43:53 UTC] PHP Warning:  Undefined array key "user_id" in C:\Apache24\htdocs\seramer2\views\inspections\create.php on line 203
[17-Sep-2025 00:43:55 UTC] PHP Warning:  Undefined array key "user_id" in C:\Apache24\htdocs\seramer2\views\inspections\create.php on line 203
[17-Sep-2025 00:43:55 UTC] PHP Warning:  Undefined array key "user_id" in C:\Apache24\htdocs\seramer2\views\inspections\create.php on line 203
[17-Sep-2025 00:43:55 UTC] PHP Warning:  Undefined array key "user_id" in C:\Apache24\htdocs\seramer2\views\inspections\create.php on line 203
[17-Sep-2025 00:43:55 UTC] PHP Warning:  Undefined array key "user_id" in C:\Apache24\htdocs\seramer2\views\inspections\create.php on line 203
[17-Sep-2025 00:43:55 UTC] PHP Warning:  Undefined array key "user_id" in C:\Apache24\htdocs\seramer2\views\inspections\create.php on line 203
[17-Sep-2025 00:43:55 UTC] PHP Warning:  Undefined array key "user_id" in C:\Apache24\htdocs\seramer2\views\inspections\create.php on line 203
[17-Sep-2025 00:43:55 UTC] PHP Warning:  Undefined array key "user_id" in C:\Apache24\htdocs\seramer2\views\inspections\create.php on line 203
[17-Sep-2025 00:43:55 UTC] PHP Warning:  Undefined array key "user_id" in C:\Apache24\htdocs\seramer2\views\inspections\create.php on line 203
[17-Sep-2025 00:43:55 UTC] PHP Warning:  Undefined array key "user_id" in C:\Apache24\htdocs\seramer2\views\inspections\create.php on line 203
[17-Sep-2025 00:43:55 UTC] PHP Warning:  Undefined array key "user_id" in C:\Apache24\htdocs\seramer2\views\inspections\create.php on line 203
[17-Sep-2025 00:43:55 UTC] PHP Warning:  Undefined array key "user_id" in C:\Apache24\htdocs\seramer2\views\inspections\create.php on line 203
[17-Sep-2025 00:43:55 UTC] PHP Warning:  Undefined array key "user_id" in C:\Apache24\htdocs\seramer2\views\inspections\create.php on line 203
[17-Sep-2025 00:45:56 UTC] Error al ejecutar la consulta: SQLSTATE[42000]: Syntax error or access violation: 1064 You have an error in your SQL syntax; check the manual that corresponds to your MariaDB server version for the right syntax to use near ''active ORDER BY username' at line 1 - Query: SELECT id, username FROM users WHERE status = 'active ORDER BY username
[17-Sep-2025 00:46:38 UTC] PHP Warning:  Undefined array key "user_id" in C:\Apache24\htdocs\seramer2\views\inspections\create.php on line 203
[17-Sep-2025 00:46:38 UTC] PHP Warning:  Undefined array key "user_id" in C:\Apache24\htdocs\seramer2\views\inspections\create.php on line 203
[17-Sep-2025 00:46:38 UTC] PHP Warning:  Undefined array key "user_id" in C:\Apache24\htdocs\seramer2\views\inspections\create.php on line 203
[17-Sep-2025 00:46:38 UTC] PHP Warning:  Undefined array key "user_id" in C:\Apache24\htdocs\seramer2\views\inspections\create.php on line 203
[17-Sep-2025 00:46:38 UTC] PHP Warning:  Undefined array key "user_id" in C:\Apache24\htdocs\seramer2\views\inspections\create.php on line 203
[17-Sep-2025 00:46:38 UTC] PHP Warning:  Undefined array key "user_id" in C:\Apache24\htdocs\seramer2\views\inspections\create.php on line 203
[17-Sep-2025 00:46:38 UTC] PHP Warning:  Undefined array key "user_id" in C:\Apache24\htdocs\seramer2\views\inspections\create.php on line 203
[17-Sep-2025 00:46:38 UTC] PHP Warning:  Undefined array key "user_id" in C:\Apache24\htdocs\seramer2\views\inspections\create.php on line 203
[17-Sep-2025 00:46:38 UTC] PHP Warning:  Undefined array key "user_id" in C:\Apache24\htdocs\seramer2\views\inspections\create.php on line 203
[17-Sep-2025 00:46:38 UTC] PHP Warning:  Undefined array key "user_id" in C:\Apache24\htdocs\seramer2\views\inspections\create.php on line 203
[17-Sep-2025 00:46:38 UTC] PHP Warning:  Undefined array key "user_id" in C:\Apache24\htdocs\seramer2\views\inspections\create.php on line 203
[17-Sep-2025 00:46:38 UTC] PHP Warning:  Undefined array key "user_id" in C:\Apache24\htdocs\seramer2\views\inspections\create.php on line 203
[17-Sep-2025 00:49:35 UTC] PHP Warning:  Undefined array key "user_id" in C:\Apache24\htdocs\seramer2\views\inspections\create.php on line 203
[17-Sep-2025 00:49:35 UTC] PHP Warning:  Undefined array key "user_id" in C:\Apache24\htdocs\seramer2\views\inspections\create.php on line 203
[17-Sep-2025 00:49:35 UTC] PHP Warning:  Undefined array key "user_id" in C:\Apache24\htdocs\seramer2\views\inspections\create.php on line 203
[17-Sep-2025 00:49:35 UTC] PHP Warning:  Undefined array key "user_id" in C:\Apache24\htdocs\seramer2\views\inspections\create.php on line 203
[17-Sep-2025 00:49:35 UTC] PHP Warning:  Undefined array key "user_id" in C:\Apache24\htdocs\seramer2\views\inspections\create.php on line 203
[17-Sep-2025 00:49:35 UTC] PHP Warning:  Undefined array key "user_id" in C:\Apache24\htdocs\seramer2\views\inspections\create.php on line 203
[17-Sep-2025 00:49:35 UTC] PHP Warning:  Undefined array key "user_id" in C:\Apache24\htdocs\seramer2\views\inspections\create.php on line 203
[17-Sep-2025 00:49:35 UTC] PHP Warning:  Undefined array key "user_id" in C:\Apache24\htdocs\seramer2\views\inspections\create.php on line 203
[17-Sep-2025 00:49:35 UTC] PHP Warning:  Undefined array key "user_id" in C:\Apache24\htdocs\seramer2\views\inspections\create.php on line 203
[17-Sep-2025 00:49:35 UTC] PHP Warning:  Undefined array key "user_id" in C:\Apache24\htdocs\seramer2\views\inspections\create.php on line 203
[17-Sep-2025 00:49:35 UTC] PHP Warning:  Undefined array key "user_id" in C:\Apache24\htdocs\seramer2\views\inspections\create.php on line 203
[17-Sep-2025 00:49:35 UTC] PHP Warning:  Undefined array key "user_id" in C:\Apache24\htdocs\seramer2\views\inspections\create.php on line 203
[17-Sep-2025 00:54:02 UTC] PHP Warning:  Undefined array key "user_id" in C:\Apache24\htdocs\seramer2\views\inspections\create.php on line 203
[17-Sep-2025 00:54:02 UTC] PHP Warning:  Undefined array key "user_id" in C:\Apache24\htdocs\seramer2\views\inspections\create.php on line 203
[17-Sep-2025 00:54:02 UTC] PHP Warning:  Undefined array key "user_id" in C:\Apache24\htdocs\seramer2\views\inspections\create.php on line 203
[17-Sep-2025 00:54:02 UTC] PHP Warning:  Undefined array key "user_id" in C:\Apache24\htdocs\seramer2\views\inspections\create.php on line 203
[17-Sep-2025 00:54:02 UTC] PHP Warning:  Undefined array key "user_id" in C:\Apache24\htdocs\seramer2\views\inspections\create.php on line 203
[17-Sep-2025 00:54:02 UTC] PHP Warning:  Undefined array key "user_id" in C:\Apache24\htdocs\seramer2\views\inspections\create.php on line 203
[17-Sep-2025 00:54:02 UTC] PHP Warning:  Undefined array key "user_id" in C:\Apache24\htdocs\seramer2\views\inspections\create.php on line 203
[17-Sep-2025 00:54:02 UTC] PHP Warning:  Undefined array key "user_id" in C:\Apache24\htdocs\seramer2\views\inspections\create.php on line 203
[17-Sep-2025 00:54:02 UTC] PHP Warning:  Undefined array key "user_id" in C:\Apache24\htdocs\seramer2\views\inspections\create.php on line 203
[17-Sep-2025 00:54:02 UTC] PHP Warning:  Undefined array key "user_id" in C:\Apache24\htdocs\seramer2\views\inspections\create.php on line 203
[17-Sep-2025 00:54:02 UTC] PHP Warning:  Undefined array key "user_id" in C:\Apache24\htdocs\seramer2\views\inspections\create.php on line 203
[17-Sep-2025 00:54:02 UTC] PHP Warning:  Undefined array key "user_id" in C:\Apache24\htdocs\seramer2\views\inspections\create.php on line 203
[17-Sep-2025 01:10:39 UTC] PHP Warning:  Undefined array key "user_id" in C:\Apache24\htdocs\seramer2\views\inspections\create.php on line 230
[17-Sep-2025 01:10:39 UTC] PHP Warning:  Undefined array key "user_id" in C:\Apache24\htdocs\seramer2\views\inspections\create.php on line 230
[17-Sep-2025 01:10:39 UTC] PHP Warning:  Undefined array key "user_id" in C:\Apache24\htdocs\seramer2\views\inspections\create.php on line 230
[17-Sep-2025 01:10:39 UTC] PHP Warning:  Undefined array key "user_id" in C:\Apache24\htdocs\seramer2\views\inspections\create.php on line 230
[17-Sep-2025 01:10:39 UTC] PHP Warning:  Undefined array key "user_id" in C:\Apache24\htdocs\seramer2\views\inspections\create.php on line 230
[17-Sep-2025 01:10:39 UTC] PHP Warning:  Undefined array key "user_id" in C:\Apache24\htdocs\seramer2\views\inspections\create.php on line 230
[17-Sep-2025 01:10:39 UTC] PHP Warning:  Undefined array key "user_id" in C:\Apache24\htdocs\seramer2\views\inspections\create.php on line 230
[17-Sep-2025 01:10:39 UTC] PHP Warning:  Undefined array key "user_id" in C:\Apache24\htdocs\seramer2\views\inspections\create.php on line 230
[17-Sep-2025 01:10:39 UTC] PHP Warning:  Undefined array key "user_id" in C:\Apache24\htdocs\seramer2\views\inspections\create.php on line 230
[17-Sep-2025 01:10:39 UTC] PHP Warning:  Undefined array key "user_id" in C:\Apache24\htdocs\seramer2\views\inspections\create.php on line 230
[17-Sep-2025 01:10:39 UTC] PHP Warning:  Undefined array key "user_id" in C:\Apache24\htdocs\seramer2\views\inspections\create.php on line 230
[17-Sep-2025 01:10:39 UTC] PHP Warning:  Undefined array key "user_id" in C:\Apache24\htdocs\seramer2\views\inspections\create.php on line 230
[17-Sep-2025 01:11:14 UTC] Error al ejecutar la consulta: SQLSTATE[22007]: Invalid datetime format: 1366 Incorrect integer value: '' for column `seramermvc`.`scheduled_inspections`.`assigned_responsible_id` at row 1 - Query: INSERT INTO scheduled_inspections (scheduled_date, inspection_type, assigned_responsible_id, inspection_status, observations) 
                        VALUES (?, ?, ?, ?, ?)
[17-Sep-2025 01:33:04 UTC] PHP Warning:  Undefined array key "created_at" in C:\Apache24\htdocs\seramer2\views\inspections\view.php on line 89
[17-Sep-2025 01:33:04 UTC] PHP Warning:  Undefined array key "stall_code" in C:\Apache24\htdocs\seramer2\views\inspections\view.php on line 95
[17-Sep-2025 01:33:04 UTC] PHP Warning:  Undefined array key "awardee_name" in C:\Apache24\htdocs\seramer2\views\inspections\view.php on line 103
[17-Sep-2025 01:33:04 UTC] PHP Warning:  Undefined array key "main_inspector_name" in C:\Apache24\htdocs\seramer2\views\inspections\view.php on line 111
[17-Sep-2025 01:33:08 UTC] PHP Warning:  Undefined array key "user_id" in C:\Apache24\htdocs\seramer2\views\inspections\edit.php on line 120
[17-Sep-2025 01:33:08 UTC] PHP Warning:  Undefined array key "user_id" in C:\Apache24\htdocs\seramer2\views\inspections\edit.php on line 121
[17-Sep-2025 01:33:08 UTC] PHP Warning:  Undefined array key "user_id" in C:\Apache24\htdocs\seramer2\views\inspections\edit.php on line 120
[17-Sep-2025 01:33:08 UTC] PHP Warning:  Undefined array key "user_id" in C:\Apache24\htdocs\seramer2\views\inspections\edit.php on line 121
[17-Sep-2025 01:33:08 UTC] PHP Warning:  Undefined array key "user_id" in C:\Apache24\htdocs\seramer2\views\inspections\edit.php on line 120
[17-Sep-2025 01:33:08 UTC] PHP Warning:  Undefined array key "user_id" in C:\Apache24\htdocs\seramer2\views\inspections\edit.php on line 121
[17-Sep-2025 01:33:08 UTC] PHP Warning:  Undefined array key "user_id" in C:\Apache24\htdocs\seramer2\views\inspections\edit.php on line 135
[17-Sep-2025 01:33:08 UTC] PHP Warning:  Undefined array key "user_id" in C:\Apache24\htdocs\seramer2\views\inspections\edit.php on line 136
[17-Sep-2025 01:33:08 UTC] PHP Warning:  Undefined array key "user_id" in C:\Apache24\htdocs\seramer2\views\inspections\edit.php on line 135
[17-Sep-2025 01:33:08 UTC] PHP Warning:  Undefined array key "user_id" in C:\Apache24\htdocs\seramer2\views\inspections\edit.php on line 136
[17-Sep-2025 01:33:08 UTC] PHP Warning:  Undefined array key "user_id" in C:\Apache24\htdocs\seramer2\views\inspections\edit.php on line 135
[17-Sep-2025 01:33:08 UTC] PHP Warning:  Undefined array key "user_id" in C:\Apache24\htdocs\seramer2\views\inspections\edit.php on line 136
[17-Sep-2025 01:33:08 UTC] PHP Warning:  Undefined array key "stall_id" in C:\Apache24\htdocs\seramer2\views\inspections\edit.php on line 150
[17-Sep-2025 01:33:08 UTC] PHP Warning:  Undefined array key "stall_id" in C:\Apache24\htdocs\seramer2\views\inspections\edit.php on line 151
[17-Sep-2025 01:33:08 UTC] PHP Warning:  Undefined array key "stall_code" in C:\Apache24\htdocs\seramer2\views\inspections\edit.php on line 152
[17-Sep-2025 01:33:08 UTC] PHP Warning:  Undefined array key "awardee_id" in C:\Apache24\htdocs\seramer2\views\inspections\edit.php on line 165
[17-Sep-2025 01:33:08 UTC] PHP Warning:  Undefined array key "awardee_id" in C:\Apache24\htdocs\seramer2\views\inspections\edit.php on line 166
[17-Sep-2025 01:33:08 UTC] PHP Warning:  Undefined array key "full_name_or_company_name" in C:\Apache24\htdocs\seramer2\views\inspections\edit.php on line 167
[17-Sep-2025 01:33:08 UTC] PHP Warning:  Undefined array key "awardee_id" in C:\Apache24\htdocs\seramer2\views\inspections\edit.php on line 165
[17-Sep-2025 01:33:08 UTC] PHP Warning:  Undefined array key "awardee_id" in C:\Apache24\htdocs\seramer2\views\inspections\edit.php on line 166
[17-Sep-2025 01:33:08 UTC] PHP Warning:  Undefined array key "full_name_or_company_name" in C:\Apache24\htdocs\seramer2\views\inspections\edit.php on line 167
[17-Sep-2025 01:33:14 UTC] PHP Warning:  Undefined array key "created_at" in C:\Apache24\htdocs\seramer2\views\inspections\view.php on line 89
[17-Sep-2025 01:33:14 UTC] PHP Warning:  Undefined array key "stall_code" in C:\Apache24\htdocs\seramer2\views\inspections\view.php on line 95
[17-Sep-2025 01:33:14 UTC] PHP Warning:  Undefined array key "awardee_name" in C:\Apache24\htdocs\seramer2\views\inspections\view.php on line 103
[17-Sep-2025 01:33:14 UTC] PHP Warning:  Undefined array key "main_inspector_name" in C:\Apache24\htdocs\seramer2\views\inspections\view.php on line 111
[17-Sep-2025 01:39:23 UTC] PHP Warning:  Undefined variable $page_title in C:\Apache24\htdocs\seramer2\views\inspections\view.php on line 21
[17-Sep-2025 01:39:23 UTC] PHP Warning:  Undefined variable $report in C:\Apache24\htdocs\seramer2\views\inspections\view.php on line 27
[17-Sep-2025 01:39:23 UTC] PHP Warning:  Trying to access array offset on null in C:\Apache24\htdocs\seramer2\views\inspections\view.php on line 27
[17-Sep-2025 01:39:23 UTC] PHP Warning:  Undefined variable $report in C:\Apache24\htdocs\seramer2\views\inspections\view.php on line 32
[17-Sep-2025 01:39:23 UTC] PHP Warning:  Trying to access array offset on null in C:\Apache24\htdocs\seramer2\views\inspections\view.php on line 32
[17-Sep-2025 01:39:23 UTC] PHP Warning:  Undefined variable $report in C:\Apache24\htdocs\seramer2\views\inspections\view.php on line 46
[17-Sep-2025 01:39:23 UTC] PHP Warning:  Trying to access array offset on null in C:\Apache24\htdocs\seramer2\views\inspections\view.php on line 46
[17-Sep-2025 01:39:23 UTC] PHP Warning:  Undefined variable $report in C:\Apache24\htdocs\seramer2\views\inspections\view.php on line 50
[17-Sep-2025 01:39:23 UTC] PHP Warning:  Trying to access array offset on null in C:\Apache24\htdocs\seramer2\views\inspections\view.php on line 50
[17-Sep-2025 01:39:23 UTC] PHP Warning:  Undefined variable $report in C:\Apache24\htdocs\seramer2\views\inspections\view.php on line 55
[17-Sep-2025 01:39:23 UTC] PHP Warning:  Trying to access array offset on null in C:\Apache24\htdocs\seramer2\views\inspections\view.php on line 55
[17-Sep-2025 01:39:23 UTC] PHP Warning:  Undefined variable $report in C:\Apache24\htdocs\seramer2\views\inspections\view.php on line 56
[17-Sep-2025 01:39:23 UTC] PHP Warning:  Trying to access array offset on null in C:\Apache24\htdocs\seramer2\views\inspections\view.php on line 56
[17-Sep-2025 01:39:23 UTC] PHP Warning:  Undefined variable $report in C:\Apache24\htdocs\seramer2\views\inspections\view.php on line 63
[17-Sep-2025 01:39:23 UTC] PHP Warning:  Trying to access array offset on null in C:\Apache24\htdocs\seramer2\views\inspections\view.php on line 63
[17-Sep-2025 01:39:23 UTC] PHP Warning:  Undefined variable $report in C:\Apache24\htdocs\seramer2\views\inspections\view.php on line 64
[17-Sep-2025 01:39:23 UTC] PHP Warning:  Trying to access array offset on null in C:\Apache24\htdocs\seramer2\views\inspections\view.php on line 64
[17-Sep-2025 01:39:23 UTC] PHP Warning:  Undefined variable $report in C:\Apache24\htdocs\seramer2\views\inspections\view.php on line 72
[17-Sep-2025 01:39:23 UTC] PHP Warning:  Trying to access array offset on null in C:\Apache24\htdocs\seramer2\views\inspections\view.php on line 72
[17-Sep-2025 01:39:23 UTC] PHP Warning:  Undefined variable $report in C:\Apache24\htdocs\seramer2\views\inspections\view.php on line 109
[17-Sep-2025 01:39:23 UTC] PHP Warning:  Trying to access array offset on null in C:\Apache24\htdocs\seramer2\views\inspections\view.php on line 109
[17-Sep-2025 01:39:23 UTC] PHP Warning:  Undefined variable $report in C:\Apache24\htdocs\seramer2\views\inspections\view.php on line 141
[17-Sep-2025 01:39:23 UTC] PHP Warning:  Trying to access array offset on null in C:\Apache24\htdocs\seramer2\views\inspections\view.php on line 141
[17-Sep-2025 01:39:32 UTC] PHP Warning:  Undefined array key "report" in C:\Apache24\htdocs\seramer2\views\inspections\edit.php on line 53
[17-Sep-2025 01:39:43 UTC] PHP Warning:  Undefined variable $page_title in C:\Apache24\htdocs\seramer2\views\inspections\view.php on line 21
[17-Sep-2025 01:39:43 UTC] PHP Warning:  Undefined variable $report in C:\Apache24\htdocs\seramer2\views\inspections\view.php on line 27
[17-Sep-2025 01:39:43 UTC] PHP Warning:  Trying to access array offset on null in C:\Apache24\htdocs\seramer2\views\inspections\view.php on line 27
[17-Sep-2025 01:39:43 UTC] PHP Warning:  Undefined variable $report in C:\Apache24\htdocs\seramer2\views\inspections\view.php on line 32
[17-Sep-2025 01:39:43 UTC] PHP Warning:  Trying to access array offset on null in C:\Apache24\htdocs\seramer2\views\inspections\view.php on line 32
[17-Sep-2025 01:39:43 UTC] PHP Warning:  Undefined variable $report in C:\Apache24\htdocs\seramer2\views\inspections\view.php on line 46
[17-Sep-2025 01:39:43 UTC] PHP Warning:  Trying to access array offset on null in C:\Apache24\htdocs\seramer2\views\inspections\view.php on line 46
[17-Sep-2025 01:39:43 UTC] PHP Warning:  Undefined variable $report in C:\Apache24\htdocs\seramer2\views\inspections\view.php on line 50
[17-Sep-2025 01:39:43 UTC] PHP Warning:  Trying to access array offset on null in C:\Apache24\htdocs\seramer2\views\inspections\view.php on line 50
[17-Sep-2025 01:39:43 UTC] PHP Warning:  Undefined variable $report in C:\Apache24\htdocs\seramer2\views\inspections\view.php on line 55
[17-Sep-2025 01:39:43 UTC] PHP Warning:  Trying to access array offset on null in C:\Apache24\htdocs\seramer2\views\inspections\view.php on line 55
[17-Sep-2025 01:39:43 UTC] PHP Warning:  Undefined variable $report in C:\Apache24\htdocs\seramer2\views\inspections\view.php on line 56
[17-Sep-2025 01:39:43 UTC] PHP Warning:  Trying to access array offset on null in C:\Apache24\htdocs\seramer2\views\inspections\view.php on line 56
[17-Sep-2025 01:39:43 UTC] PHP Warning:  Undefined variable $report in C:\Apache24\htdocs\seramer2\views\inspections\view.php on line 63
[17-Sep-2025 01:39:43 UTC] PHP Warning:  Trying to access array offset on null in C:\Apache24\htdocs\seramer2\views\inspections\view.php on line 63
[17-Sep-2025 01:39:43 UTC] PHP Warning:  Undefined variable $report in C:\Apache24\htdocs\seramer2\views\inspections\view.php on line 64
[17-Sep-2025 01:39:43 UTC] PHP Warning:  Trying to access array offset on null in C:\Apache24\htdocs\seramer2\views\inspections\view.php on line 64
[17-Sep-2025 01:39:43 UTC] PHP Warning:  Undefined variable $report in C:\Apache24\htdocs\seramer2\views\inspections\view.php on line 72
[17-Sep-2025 01:39:43 UTC] PHP Warning:  Trying to access array offset on null in C:\Apache24\htdocs\seramer2\views\inspections\view.php on line 72
[17-Sep-2025 01:39:43 UTC] PHP Warning:  Undefined variable $report in C:\Apache24\htdocs\seramer2\views\inspections\view.php on line 109
[17-Sep-2025 01:39:43 UTC] PHP Warning:  Trying to access array offset on null in C:\Apache24\htdocs\seramer2\views\inspections\view.php on line 109
[17-Sep-2025 01:39:43 UTC] PHP Warning:  Undefined variable $report in C:\Apache24\htdocs\seramer2\views\inspections\view.php on line 141
[17-Sep-2025 01:39:43 UTC] PHP Warning:  Trying to access array offset on null in C:\Apache24\htdocs\seramer2\views\inspections\view.php on line 141
[17-Sep-2025 01:40:12 UTC] PHP Warning:  Trying to access array offset on false in C:\Apache24\htdocs\seramer2\controllers\InspectionController.php on line 53
[17-Sep-2025 01:40:12 UTC] PHP Warning:  Trying to access array offset on false in C:\Apache24\htdocs\seramer2\views\inspections\view.php on line 67
[17-Sep-2025 01:40:12 UTC] PHP Warning:  Trying to access array offset on false in C:\Apache24\htdocs\seramer2\views\inspections\view.php on line 72
[17-Sep-2025 01:40:12 UTC] PHP Warning:  Trying to access array offset on false in C:\Apache24\htdocs\seramer2\views\inspections\view.php on line 85
[17-Sep-2025 01:40:12 UTC] PHP Warning:  Trying to access array offset on false in C:\Apache24\htdocs\seramer2\views\inspections\view.php on line 89
[17-Sep-2025 01:40:12 UTC] PHP Warning:  Trying to access array offset on false in C:\Apache24\htdocs\seramer2\views\inspections\view.php on line 94
[17-Sep-2025 01:40:12 UTC] PHP Warning:  Trying to access array offset on false in C:\Apache24\htdocs\seramer2\views\inspections\view.php on line 95
[17-Sep-2025 01:40:12 UTC] PHP Warning:  Trying to access array offset on false in C:\Apache24\htdocs\seramer2\views\inspections\view.php on line 102
[17-Sep-2025 01:40:12 UTC] PHP Warning:  Trying to access array offset on false in C:\Apache24\htdocs\seramer2\views\inspections\view.php on line 103
[17-Sep-2025 01:40:12 UTC] PHP Warning:  Trying to access array offset on false in C:\Apache24\htdocs\seramer2\views\inspections\view.php on line 111
[17-Sep-2025 01:40:12 UTC] PHP Warning:  Trying to access array offset on false in C:\Apache24\htdocs\seramer2\views\inspections\view.php on line 134
[17-Sep-2025 01:41:02 UTC] PHP Warning:  Trying to access array offset on false in C:\Apache24\htdocs\seramer2\controllers\InspectionController.php on line 53
[17-Sep-2025 01:41:03 UTC] PHP Warning:  Trying to access array offset on false in C:\Apache24\htdocs\seramer2\views\inspections\view.php on line 67
[17-Sep-2025 01:41:03 UTC] PHP Warning:  Trying to access array offset on false in C:\Apache24\htdocs\seramer2\views\inspections\view.php on line 72
[17-Sep-2025 01:41:03 UTC] PHP Warning:  Trying to access array offset on false in C:\Apache24\htdocs\seramer2\views\inspections\view.php on line 86
[17-Sep-2025 01:41:03 UTC] PHP Warning:  Trying to access array offset on false in C:\Apache24\htdocs\seramer2\views\inspections\view.php on line 90
[17-Sep-2025 01:41:03 UTC] PHP Warning:  Trying to access array offset on false in C:\Apache24\htdocs\seramer2\views\inspections\view.php on line 95
[17-Sep-2025 01:41:03 UTC] PHP Warning:  Trying to access array offset on false in C:\Apache24\htdocs\seramer2\views\inspections\view.php on line 96
[17-Sep-2025 01:41:03 UTC] PHP Warning:  Trying to access array offset on false in C:\Apache24\htdocs\seramer2\views\inspections\view.php on line 103
[17-Sep-2025 01:41:03 UTC] PHP Warning:  Trying to access array offset on false in C:\Apache24\htdocs\seramer2\views\inspections\view.php on line 104
[17-Sep-2025 01:41:03 UTC] PHP Warning:  Trying to access array offset on false in C:\Apache24\htdocs\seramer2\views\inspections\view.php on line 112
[17-Sep-2025 01:41:03 UTC] PHP Warning:  Trying to access array offset on false in C:\Apache24\htdocs\seramer2\views\inspections\view.php on line 149
[17-Sep-2025 01:41:03 UTC] PHP Warning:  Trying to access array offset on false in C:\Apache24\htdocs\seramer2\views\inspections\view.php on line 185
[17-Sep-2025 01:41:38 UTC] PHP Warning:  Trying to access array offset on false in C:\Apache24\htdocs\seramer2\controllers\InspectionController.php on line 53
[17-Sep-2025 01:41:39 UTC] PHP Warning:  Trying to access array offset on false in C:\Apache24\htdocs\seramer2\views\inspections\view.php on line 67
[17-Sep-2025 01:41:39 UTC] PHP Warning:  Trying to access array offset on false in C:\Apache24\htdocs\seramer2\views\inspections\view.php on line 72
[17-Sep-2025 01:41:39 UTC] PHP Warning:  Trying to access array offset on false in C:\Apache24\htdocs\seramer2\views\inspections\view.php on line 85
[17-Sep-2025 01:41:39 UTC] PHP Warning:  Trying to access array offset on false in C:\Apache24\htdocs\seramer2\views\inspections\view.php on line 89
[17-Sep-2025 01:41:39 UTC] PHP Warning:  Trying to access array offset on false in C:\Apache24\htdocs\seramer2\views\inspections\view.php on line 94
[17-Sep-2025 01:41:39 UTC] PHP Warning:  Trying to access array offset on false in C:\Apache24\htdocs\seramer2\views\inspections\view.php on line 95
[17-Sep-2025 01:41:39 UTC] PHP Warning:  Trying to access array offset on false in C:\Apache24\htdocs\seramer2\views\inspections\view.php on line 102
[17-Sep-2025 01:41:39 UTC] PHP Warning:  Trying to access array offset on false in C:\Apache24\htdocs\seramer2\views\inspections\view.php on line 103
[17-Sep-2025 01:41:39 UTC] PHP Warning:  Trying to access array offset on false in C:\Apache24\htdocs\seramer2\views\inspections\view.php on line 111
[17-Sep-2025 01:41:39 UTC] PHP Warning:  Trying to access array offset on false in C:\Apache24\htdocs\seramer2\views\inspections\view.php on line 134
[17-Sep-2025 02:00:40 UTC] PHP Warning:  Undefined array key "created_at" in C:\Apache24\htdocs\seramer2\views\inspections\view.php on line 90
[17-Sep-2025 02:00:40 UTC] PHP Warning:  Undefined array key "stall_code" in C:\Apache24\htdocs\seramer2\views\inspections\view.php on line 96
[17-Sep-2025 02:00:40 UTC] PHP Warning:  Undefined array key "awardee_name" in C:\Apache24\htdocs\seramer2\views\inspections\view.php on line 104
[17-Sep-2025 02:00:40 UTC] PHP Warning:  Undefined array key "main_inspector_name" in C:\Apache24\htdocs\seramer2\views\inspections\view.php on line 112
[17-Sep-2025 02:01:02 UTC] PHP Warning:  Undefined array key "created_at" in C:\Apache24\htdocs\seramer2\views\inspections\view.php on line 90
[17-Sep-2025 02:01:02 UTC] PHP Warning:  Undefined array key "stall_code" in C:\Apache24\htdocs\seramer2\views\inspections\view.php on line 96
[17-Sep-2025 02:01:02 UTC] PHP Warning:  Undefined array key "awardee_name" in C:\Apache24\htdocs\seramer2\views\inspections\view.php on line 104
[17-Sep-2025 02:01:02 UTC] PHP Warning:  Undefined array key "main_inspector_name" in C:\Apache24\htdocs\seramer2\views\inspections\view.php on line 112
[17-Sep-2025 11:43:19 UTC] PHP Warning:  Trying to access array offset on false in C:\Apache24\htdocs\seramer2\controllers\InspectionController.php on line 53
[17-Sep-2025 11:43:19 UTC] PHP Warning:  Trying to access array offset on false in C:\Apache24\htdocs\seramer2\views\inspections\view.php on line 67
[17-Sep-2025 11:43:19 UTC] PHP Warning:  Trying to access array offset on false in C:\Apache24\htdocs\seramer2\views\inspections\view.php on line 72
[17-Sep-2025 11:43:19 UTC] PHP Warning:  Trying to access array offset on false in C:\Apache24\htdocs\seramer2\views\inspections\view.php on line 86
[17-Sep-2025 11:43:19 UTC] PHP Warning:  Trying to access array offset on false in C:\Apache24\htdocs\seramer2\views\inspections\view.php on line 90
[17-Sep-2025 11:43:19 UTC] PHP Warning:  Trying to access array offset on false in C:\Apache24\htdocs\seramer2\views\inspections\view.php on line 95
[17-Sep-2025 11:43:19 UTC] PHP Warning:  Trying to access array offset on false in C:\Apache24\htdocs\seramer2\views\inspections\view.php on line 96
[17-Sep-2025 11:43:19 UTC] PHP Warning:  Trying to access array offset on false in C:\Apache24\htdocs\seramer2\views\inspections\view.php on line 103
[17-Sep-2025 11:43:19 UTC] PHP Warning:  Trying to access array offset on false in C:\Apache24\htdocs\seramer2\views\inspections\view.php on line 104
[17-Sep-2025 11:43:19 UTC] PHP Warning:  Trying to access array offset on false in C:\Apache24\htdocs\seramer2\views\inspections\view.php on line 112
[17-Sep-2025 11:43:19 UTC] PHP Warning:  Trying to access array offset on false in C:\Apache24\htdocs\seramer2\views\inspections\view.php on line 149
[17-Sep-2025 11:43:19 UTC] PHP Warning:  Trying to access array offset on false in C:\Apache24\htdocs\seramer2\views\inspections\view.php on line 185
[17-Sep-2025 11:44:21 UTC] PHP Warning:  Undefined array key "created_at" in C:\Apache24\htdocs\seramer2\views\inspections\view.php on line 90
[17-Sep-2025 11:44:21 UTC] PHP Warning:  Undefined array key "stall_code" in C:\Apache24\htdocs\seramer2\views\inspections\view.php on line 96
[17-Sep-2025 11:44:21 UTC] PHP Warning:  Undefined array key "awardee_name" in C:\Apache24\htdocs\seramer2\views\inspections\view.php on line 104
[17-Sep-2025 11:44:21 UTC] PHP Warning:  Undefined array key "main_inspector_name" in C:\Apache24\htdocs\seramer2\views\inspections\view.php on line 112
[17-Sep-2025 12:48:47 UTC] PHP Warning:  Undefined array key "created_at" in C:\Apache24\htdocs\seramer2\views\inspections\view.php on line 90
[17-Sep-2025 12:48:47 UTC] PHP Warning:  Undefined array key "stall_code" in C:\Apache24\htdocs\seramer2\views\inspections\view.php on line 96
[17-Sep-2025 12:48:47 UTC] PHP Warning:  Undefined array key "awardee_name" in C:\Apache24\htdocs\seramer2\views\inspections\view.php on line 104
[17-Sep-2025 12:48:47 UTC] PHP Warning:  Undefined array key "main_inspector_name" in C:\Apache24\htdocs\seramer2\views\inspections\view.php on line 112
[17-Sep-2025 12:50:37 UTC] PHP Warning:  Undefined array key "created_at" in C:\Apache24\htdocs\seramer2\views\inspections\view.php on line 90
[17-Sep-2025 12:50:37 UTC] PHP Warning:  Undefined array key "stall_code" in C:\Apache24\htdocs\seramer2\views\inspections\view.php on line 96
[17-Sep-2025 12:50:37 UTC] PHP Warning:  Undefined array key "awardee_name" in C:\Apache24\htdocs\seramer2\views\inspections\view.php on line 104
[17-Sep-2025 12:50:37 UTC] PHP Warning:  Undefined array key "main_inspector_name" in C:\Apache24\htdocs\seramer2\views\inspections\view.php on line 112
[17-Sep-2025 12:51:27 UTC] PHP Warning:  Undefined array key "user_id" in C:\Apache24\htdocs\seramer2\views\inspections\edit.php on line 120
[17-Sep-2025 12:51:27 UTC] PHP Warning:  Undefined array key "user_id" in C:\Apache24\htdocs\seramer2\views\inspections\edit.php on line 121
[17-Sep-2025 12:51:27 UTC] PHP Warning:  Undefined array key "user_id" in C:\Apache24\htdocs\seramer2\views\inspections\edit.php on line 120
[17-Sep-2025 12:51:27 UTC] PHP Warning:  Undefined array key "user_id" in C:\Apache24\htdocs\seramer2\views\inspections\edit.php on line 121
[17-Sep-2025 12:51:27 UTC] PHP Warning:  Undefined array key "user_id" in C:\Apache24\htdocs\seramer2\views\inspections\edit.php on line 120
[17-Sep-2025 12:51:27 UTC] PHP Warning:  Undefined array key "user_id" in C:\Apache24\htdocs\seramer2\views\inspections\edit.php on line 121
[17-Sep-2025 12:51:27 UTC] PHP Warning:  Undefined array key "user_id" in C:\Apache24\htdocs\seramer2\views\inspections\edit.php on line 135
[17-Sep-2025 12:51:27 UTC] PHP Warning:  Undefined array key "user_id" in C:\Apache24\htdocs\seramer2\views\inspections\edit.php on line 136
[17-Sep-2025 12:51:27 UTC] PHP Warning:  Undefined array key "user_id" in C:\Apache24\htdocs\seramer2\views\inspections\edit.php on line 135
[17-Sep-2025 12:51:27 UTC] PHP Warning:  Undefined array key "user_id" in C:\Apache24\htdocs\seramer2\views\inspections\edit.php on line 136
[17-Sep-2025 12:51:27 UTC] PHP Warning:  Undefined array key "user_id" in C:\Apache24\htdocs\seramer2\views\inspections\edit.php on line 135
[17-Sep-2025 12:51:27 UTC] PHP Warning:  Undefined array key "user_id" in C:\Apache24\htdocs\seramer2\views\inspections\edit.php on line 136
[17-Sep-2025 12:51:27 UTC] PHP Warning:  Undefined array key "stall_id" in C:\Apache24\htdocs\seramer2\views\inspections\edit.php on line 150
[17-Sep-2025 12:51:27 UTC] PHP Warning:  Undefined array key "stall_id" in C:\Apache24\htdocs\seramer2\views\inspections\edit.php on line 151
[17-Sep-2025 12:51:27 UTC] PHP Warning:  Undefined array key "stall_code" in C:\Apache24\htdocs\seramer2\views\inspections\edit.php on line 152
[17-Sep-2025 12:51:27 UTC] PHP Warning:  Undefined array key "awardee_id" in C:\Apache24\htdocs\seramer2\views\inspections\edit.php on line 165
[17-Sep-2025 12:51:27 UTC] PHP Warning:  Undefined array key "awardee_id" in C:\Apache24\htdocs\seramer2\views\inspections\edit.php on line 166
[17-Sep-2025 12:51:27 UTC] PHP Warning:  Undefined array key "full_name_or_company_name" in C:\Apache24\htdocs\seramer2\views\inspections\edit.php on line 167
[17-Sep-2025 12:51:27 UTC] PHP Warning:  Undefined array key "awardee_id" in C:\Apache24\htdocs\seramer2\views\inspections\edit.php on line 165
[17-Sep-2025 12:51:27 UTC] PHP Warning:  Undefined array key "awardee_id" in C:\Apache24\htdocs\seramer2\views\inspections\edit.php on line 166
[17-Sep-2025 12:51:27 UTC] PHP Warning:  Undefined array key "full_name_or_company_name" in C:\Apache24\htdocs\seramer2\views\inspections\edit.php on line 167
[17-Sep-2025 22:47:04 UTC] PHP Warning:  Undefined array key "created_at" in C:\Apache24\htdocs\seramer2\views\inspections\view.php on line 90
[17-Sep-2025 22:47:04 UTC] PHP Warning:  Undefined array key "stall_code" in C:\Apache24\htdocs\seramer2\views\inspections\view.php on line 96
[17-Sep-2025 22:47:04 UTC] PHP Warning:  Undefined array key "awardee_name" in C:\Apache24\htdocs\seramer2\views\inspections\view.php on line 104
[17-Sep-2025 22:47:04 UTC] PHP Warning:  Undefined array key "main_inspector_name" in C:\Apache24\htdocs\seramer2\views\inspections\view.php on line 112
[17-Sep-2025 23:09:29 UTC] Error al ejecutar la consulta: SQLSTATE[42000]: Syntax error or access violation: 1064 You have an error in your SQL syntax; check the manual that corresponds to your MariaDB server version for the right syntax to use near 'FROM 
                    inspection_reports ir
                INNER JOIN ...' at line 8 - Query: SELECT 
                    ir.*, 
                    si.scheduled_date, 
                    si.inspection_type, 
                    si.inspection_status, 
                    si.observations,
                    mi.stall_number AS stall_code,
                FROM 
                    inspection_reports ir
                INNER JOIN 
                    scheduled_inspections si ON ir.scheduled_inspection_id = si.inspection_id
                INNER JOIN 
                    market_stall mi ON ir.stall_id = mi.id                
                WHERE 
                    ir.report_id = ?
[17-Sep-2025 23:09:29 UTC] PHP Warning:  Trying to access array offset on null in C:\Apache24\htdocs\seramer2\controllers\InspectionController.php on line 53
[17-Sep-2025 23:09:29 UTC] PHP Warning:  Trying to access array offset on null in C:\Apache24\htdocs\seramer2\views\inspections\view.php on line 67
[17-Sep-2025 23:09:29 UTC] PHP Warning:  Trying to access array offset on null in C:\Apache24\htdocs\seramer2\views\inspections\view.php on line 72
[17-Sep-2025 23:09:29 UTC] PHP Warning:  Trying to access array offset on null in C:\Apache24\htdocs\seramer2\views\inspections\view.php on line 86
[17-Sep-2025 23:09:29 UTC] PHP Warning:  Trying to access array offset on null in C:\Apache24\htdocs\seramer2\views\inspections\view.php on line 90
[17-Sep-2025 23:09:29 UTC] PHP Warning:  Trying to access array offset on null in C:\Apache24\htdocs\seramer2\views\inspections\view.php on line 95
[17-Sep-2025 23:09:29 UTC] PHP Warning:  Trying to access array offset on null in C:\Apache24\htdocs\seramer2\views\inspections\view.php on line 96
[17-Sep-2025 23:09:29 UTC] PHP Warning:  Trying to access array offset on null in C:\Apache24\htdocs\seramer2\views\inspections\view.php on line 103
[17-Sep-2025 23:09:29 UTC] PHP Warning:  Trying to access array offset on null in C:\Apache24\htdocs\seramer2\views\inspections\view.php on line 104
[17-Sep-2025 23:09:29 UTC] PHP Warning:  Trying to access array offset on null in C:\Apache24\htdocs\seramer2\views\inspections\view.php on line 112
[17-Sep-2025 23:09:29 UTC] PHP Warning:  Trying to access array offset on null in C:\Apache24\htdocs\seramer2\views\inspections\view.php on line 149
[17-Sep-2025 23:09:29 UTC] PHP Warning:  Trying to access array offset on null in C:\Apache24\htdocs\seramer2\views\inspections\view.php on line 185
[17-Sep-2025 23:11:14 UTC] Error al ejecutar la consulta: SQLSTATE[42000]: Syntax error or access violation: 1064 You have an error in your SQL syntax; check the manual that corresponds to your MariaDB server version for the right syntax to use near 'FROM 
                    inspection_reports ir
                INNER JOIN ...' at line 8 - Query: SELECT 
                    ir.*, 
                    si.scheduled_date, 
                    si.inspection_type, 
                    si.inspection_status, 
                    si.observations,
                    mi.stall_number AS stall_code,
                FROM 
                    inspection_reports ir
                INNER JOIN 
                    scheduled_inspections si ON ir.scheduled_inspection_id = si.inspection_id
                INNER JOIN 
                    market_stalls mi ON ir.stall_id = mi.id                
                WHERE 
                    ir.report_id = ?
[17-Sep-2025 23:11:14 UTC] PHP Warning:  Trying to access array offset on null in C:\Apache24\htdocs\seramer2\controllers\InspectionController.php on line 53
[17-Sep-2025 23:11:14 UTC] PHP Warning:  Trying to access array offset on null in C:\Apache24\htdocs\seramer2\views\inspections\view.php on line 67
[17-Sep-2025 23:11:14 UTC] PHP Warning:  Trying to access array offset on null in C:\Apache24\htdocs\seramer2\views\inspections\view.php on line 72
[17-Sep-2025 23:11:14 UTC] PHP Warning:  Trying to access array offset on null in C:\Apache24\htdocs\seramer2\views\inspections\view.php on line 86
[17-Sep-2025 23:11:14 UTC] PHP Warning:  Trying to access array offset on null in C:\Apache24\htdocs\seramer2\views\inspections\view.php on line 90
[17-Sep-2025 23:11:14 UTC] PHP Warning:  Trying to access array offset on null in C:\Apache24\htdocs\seramer2\views\inspections\view.php on line 95
[17-Sep-2025 23:11:14 UTC] PHP Warning:  Trying to access array offset on null in C:\Apache24\htdocs\seramer2\views\inspections\view.php on line 96
[17-Sep-2025 23:11:14 UTC] PHP Warning:  Trying to access array offset on null in C:\Apache24\htdocs\seramer2\views\inspections\view.php on line 103
[17-Sep-2025 23:11:14 UTC] PHP Warning:  Trying to access array offset on null in C:\Apache24\htdocs\seramer2\views\inspections\view.php on line 104
[17-Sep-2025 23:11:14 UTC] PHP Warning:  Trying to access array offset on null in C:\Apache24\htdocs\seramer2\views\inspections\view.php on line 112
[17-Sep-2025 23:11:14 UTC] PHP Warning:  Trying to access array offset on null in C:\Apache24\htdocs\seramer2\views\inspections\view.php on line 149
[17-Sep-2025 23:11:14 UTC] PHP Warning:  Trying to access array offset on null in C:\Apache24\htdocs\seramer2\views\inspections\view.php on line 185
[17-Sep-2025 23:11:16 UTC] Error al ejecutar la consulta: SQLSTATE[42000]: Syntax error or access violation: 1064 You have an error in your SQL syntax; check the manual that corresponds to your MariaDB server version for the right syntax to use near 'FROM 
                    inspection_reports ir
                INNER JOIN ...' at line 8 - Query: SELECT 
                    ir.*, 
                    si.scheduled_date, 
                    si.inspection_type, 
                    si.inspection_status, 
                    si.observations,
                    mi.stall_number AS stall_code,
                FROM 
                    inspection_reports ir
                INNER JOIN 
                    scheduled_inspections si ON ir.scheduled_inspection_id = si.inspection_id
                INNER JOIN 
                    market_stalls mi ON ir.stall_id = mi.id                
                WHERE 
                    ir.report_id = ?
[17-Sep-2025 23:11:16 UTC] PHP Warning:  Trying to access array offset on null in C:\Apache24\htdocs\seramer2\controllers\InspectionController.php on line 53
[17-Sep-2025 23:11:16 UTC] PHP Warning:  Trying to access array offset on null in C:\Apache24\htdocs\seramer2\views\inspections\view.php on line 67
[17-Sep-2025 23:11:16 UTC] PHP Warning:  Trying to access array offset on null in C:\Apache24\htdocs\seramer2\views\inspections\view.php on line 72
[17-Sep-2025 23:11:16 UTC] PHP Warning:  Trying to access array offset on null in C:\Apache24\htdocs\seramer2\views\inspections\view.php on line 86
[17-Sep-2025 23:11:16 UTC] PHP Warning:  Trying to access array offset on null in C:\Apache24\htdocs\seramer2\views\inspections\view.php on line 90
[17-Sep-2025 23:11:16 UTC] PHP Warning:  Trying to access array offset on null in C:\Apache24\htdocs\seramer2\views\inspections\view.php on line 95
[17-Sep-2025 23:11:16 UTC] PHP Warning:  Trying to access array offset on null in C:\Apache24\htdocs\seramer2\views\inspections\view.php on line 96
[17-Sep-2025 23:11:16 UTC] PHP Warning:  Trying to access array offset on null in C:\Apache24\htdocs\seramer2\views\inspections\view.php on line 103
[17-Sep-2025 23:11:16 UTC] PHP Warning:  Trying to access array offset on null in C:\Apache24\htdocs\seramer2\views\inspections\view.php on line 104
[17-Sep-2025 23:11:16 UTC] PHP Warning:  Trying to access array offset on null in C:\Apache24\htdocs\seramer2\views\inspections\view.php on line 112
[17-Sep-2025 23:11:16 UTC] PHP Warning:  Trying to access array offset on null in C:\Apache24\htdocs\seramer2\views\inspections\view.php on line 149
[17-Sep-2025 23:11:16 UTC] PHP Warning:  Trying to access array offset on null in C:\Apache24\htdocs\seramer2\views\inspections\view.php on line 185
[17-Sep-2025 23:12:01 UTC] PHP Warning:  Undefined array key "awardee_name" in C:\Apache24\htdocs\seramer2\views\inspections\view.php on line 104
[17-Sep-2025 23:12:01 UTC] PHP Warning:  Undefined array key "main_inspector_name" in C:\Apache24\htdocs\seramer2\views\inspections\view.php on line 112
[17-Sep-2025 23:15:00 UTC] Error al ejecutar la consulta: SQLSTATE[42000]: Syntax error or access violation: 1064 You have an error in your SQL syntax; check the manual that corresponds to your MariaDB server version for the right syntax to use near 'FROM 
                    inspection_reports ir
                INNER JOIN ...' at line 9 - Query: SELECT 
                    ir.*, 
                    si.scheduled_date, 
                    si.inspection_type, 
                    si.inspection_status, 
                    si.observations,
                    mi.stall_number AS stall_code,
                    aw.first_name AS awardee_name,
                FROM 
                    inspection_reports ir
                INNER JOIN 
                    scheduled_inspections si ON ir.scheduled_inspection_id = si.inspection_id
                INNER JOIN 
                    market_stalls mi ON ir.stall_id = mi.id   
                INNER JOIN 
                    awardees aw ON ir.awardee_id = aw.id                       
                WHERE 
                    ir.report_id = ?
[17-Sep-2025 23:15:00 UTC] PHP Warning:  Trying to access array offset on null in C:\Apache24\htdocs\seramer2\controllers\InspectionController.php on line 53
[17-Sep-2025 23:15:00 UTC] PHP Warning:  Trying to access array offset on null in C:\Apache24\htdocs\seramer2\views\inspections\view.php on line 67
[17-Sep-2025 23:15:00 UTC] PHP Warning:  Trying to access array offset on null in C:\Apache24\htdocs\seramer2\views\inspections\view.php on line 72
[17-Sep-2025 23:15:00 UTC] PHP Warning:  Trying to access array offset on null in C:\Apache24\htdocs\seramer2\views\inspections\view.php on line 86
[17-Sep-2025 23:15:00 UTC] PHP Warning:  Trying to access array offset on null in C:\Apache24\htdocs\seramer2\views\inspections\view.php on line 90
[17-Sep-2025 23:15:00 UTC] PHP Warning:  Trying to access array offset on null in C:\Apache24\htdocs\seramer2\views\inspections\view.php on line 95
[17-Sep-2025 23:15:00 UTC] PHP Warning:  Trying to access array offset on null in C:\Apache24\htdocs\seramer2\views\inspections\view.php on line 96
[17-Sep-2025 23:15:00 UTC] PHP Warning:  Trying to access array offset on null in C:\Apache24\htdocs\seramer2\views\inspections\view.php on line 103
[17-Sep-2025 23:15:00 UTC] PHP Warning:  Trying to access array offset on null in C:\Apache24\htdocs\seramer2\views\inspections\view.php on line 104
[17-Sep-2025 23:15:00 UTC] PHP Warning:  Trying to access array offset on null in C:\Apache24\htdocs\seramer2\views\inspections\view.php on line 112
[17-Sep-2025 23:15:00 UTC] PHP Warning:  Trying to access array offset on null in C:\Apache24\htdocs\seramer2\views\inspections\view.php on line 149
[17-Sep-2025 23:15:00 UTC] PHP Warning:  Trying to access array offset on null in C:\Apache24\htdocs\seramer2\views\inspections\view.php on line 185
[17-Sep-2025 23:16:14 UTC] PHP Warning:  Undefined array key "main_inspector_name" in C:\Apache24\htdocs\seramer2\views\inspections\view.php on line 112
[17-Sep-2025 23:20:31 UTC] PHP Warning:  Undefined array key "user_id" in C:\Apache24\htdocs\seramer2\views\inspections\edit.php on line 120
[17-Sep-2025 23:20:31 UTC] PHP Warning:  Undefined array key "user_id" in C:\Apache24\htdocs\seramer2\views\inspections\edit.php on line 121
[17-Sep-2025 23:20:31 UTC] PHP Warning:  Undefined array key "user_id" in C:\Apache24\htdocs\seramer2\views\inspections\edit.php on line 120
[17-Sep-2025 23:20:31 UTC] PHP Warning:  Undefined array key "user_id" in C:\Apache24\htdocs\seramer2\views\inspections\edit.php on line 121
[17-Sep-2025 23:20:31 UTC] PHP Warning:  Undefined array key "user_id" in C:\Apache24\htdocs\seramer2\views\inspections\edit.php on line 120
[17-Sep-2025 23:20:31 UTC] PHP Warning:  Undefined array key "user_id" in C:\Apache24\htdocs\seramer2\views\inspections\edit.php on line 121
[17-Sep-2025 23:20:31 UTC] PHP Warning:  Undefined array key "user_id" in C:\Apache24\htdocs\seramer2\views\inspections\edit.php on line 135
[17-Sep-2025 23:20:31 UTC] PHP Warning:  Undefined array key "user_id" in C:\Apache24\htdocs\seramer2\views\inspections\edit.php on line 136
[17-Sep-2025 23:20:31 UTC] PHP Warning:  Undefined array key "user_id" in C:\Apache24\htdocs\seramer2\views\inspections\edit.php on line 135
[17-Sep-2025 23:20:31 UTC] PHP Warning:  Undefined array key "user_id" in C:\Apache24\htdocs\seramer2\views\inspections\edit.php on line 136
[17-Sep-2025 23:20:31 UTC] PHP Warning:  Undefined array key "user_id" in C:\Apache24\htdocs\seramer2\views\inspections\edit.php on line 135
[17-Sep-2025 23:20:31 UTC] PHP Warning:  Undefined array key "user_id" in C:\Apache24\htdocs\seramer2\views\inspections\edit.php on line 136
[17-Sep-2025 23:20:31 UTC] PHP Warning:  Undefined array key "stall_id" in C:\Apache24\htdocs\seramer2\views\inspections\edit.php on line 150
[17-Sep-2025 23:20:31 UTC] PHP Warning:  Undefined array key "stall_id" in C:\Apache24\htdocs\seramer2\views\inspections\edit.php on line 151
[17-Sep-2025 23:20:31 UTC] PHP Warning:  Undefined array key "stall_code" in C:\Apache24\htdocs\seramer2\views\inspections\edit.php on line 152
[17-Sep-2025 23:20:31 UTC] PHP Warning:  Undefined array key "awardee_id" in C:\Apache24\htdocs\seramer2\views\inspections\edit.php on line 165
[17-Sep-2025 23:20:31 UTC] PHP Warning:  Undefined array key "awardee_id" in C:\Apache24\htdocs\seramer2\views\inspections\edit.php on line 166
[17-Sep-2025 23:20:31 UTC] PHP Warning:  Undefined array key "full_name_or_company_name" in C:\Apache24\htdocs\seramer2\views\inspections\edit.php on line 167
[17-Sep-2025 23:20:31 UTC] PHP Warning:  Undefined array key "awardee_id" in C:\Apache24\htdocs\seramer2\views\inspections\edit.php on line 165
[17-Sep-2025 23:20:31 UTC] PHP Warning:  Undefined array key "awardee_id" in C:\Apache24\htdocs\seramer2\views\inspections\edit.php on line 166
[17-Sep-2025 23:20:31 UTC] PHP Warning:  Undefined array key "full_name_or_company_name" in C:\Apache24\htdocs\seramer2\views\inspections\edit.php on line 167
[18-Sep-2025 02:44:21 UTC] PHP Warning:  Undefined array key "user_id" in C:\Apache24\htdocs\seramer2\views\inspections\edit.php on line 120
[18-Sep-2025 02:44:21 UTC] PHP Warning:  Undefined array key "user_id" in C:\Apache24\htdocs\seramer2\views\inspections\edit.php on line 121
[18-Sep-2025 02:44:21 UTC] PHP Warning:  Undefined array key "user_id" in C:\Apache24\htdocs\seramer2\views\inspections\edit.php on line 120
[18-Sep-2025 02:44:21 UTC] PHP Warning:  Undefined array key "user_id" in C:\Apache24\htdocs\seramer2\views\inspections\edit.php on line 121
[18-Sep-2025 02:44:21 UTC] PHP Warning:  Undefined array key "user_id" in C:\Apache24\htdocs\seramer2\views\inspections\edit.php on line 120
[18-Sep-2025 02:44:21 UTC] PHP Warning:  Undefined array key "user_id" in C:\Apache24\htdocs\seramer2\views\inspections\edit.php on line 121
[18-Sep-2025 02:44:21 UTC] PHP Warning:  Undefined array key "user_id" in C:\Apache24\htdocs\seramer2\views\inspections\edit.php on line 135
[18-Sep-2025 02:44:21 UTC] PHP Warning:  Undefined array key "user_id" in C:\Apache24\htdocs\seramer2\views\inspections\edit.php on line 136
[18-Sep-2025 02:44:21 UTC] PHP Warning:  Undefined array key "user_id" in C:\Apache24\htdocs\seramer2\views\inspections\edit.php on line 135
[18-Sep-2025 02:44:21 UTC] PHP Warning:  Undefined array key "user_id" in C:\Apache24\htdocs\seramer2\views\inspections\edit.php on line 136
[18-Sep-2025 02:44:21 UTC] PHP Warning:  Undefined array key "user_id" in C:\Apache24\htdocs\seramer2\views\inspections\edit.php on line 135
[18-Sep-2025 02:44:21 UTC] PHP Warning:  Undefined array key "user_id" in C:\Apache24\htdocs\seramer2\views\inspections\edit.php on line 136
[18-Sep-2025 02:44:21 UTC] PHP Warning:  Undefined array key "stall_id" in C:\Apache24\htdocs\seramer2\views\inspections\edit.php on line 150
[18-Sep-2025 02:44:21 UTC] PHP Warning:  Undefined array key "stall_id" in C:\Apache24\htdocs\seramer2\views\inspections\edit.php on line 151
[18-Sep-2025 02:44:21 UTC] PHP Warning:  Undefined array key "stall_code" in C:\Apache24\htdocs\seramer2\views\inspections\edit.php on line 152
[18-Sep-2025 02:44:21 UTC] PHP Warning:  Undefined array key "awardee_id" in C:\Apache24\htdocs\seramer2\views\inspections\edit.php on line 165
[18-Sep-2025 02:44:21 UTC] PHP Warning:  Undefined array key "awardee_id" in C:\Apache24\htdocs\seramer2\views\inspections\edit.php on line 166
[18-Sep-2025 02:44:21 UTC] PHP Warning:  Undefined array key "full_name_or_company_name" in C:\Apache24\htdocs\seramer2\views\inspections\edit.php on line 167
[18-Sep-2025 02:44:21 UTC] PHP Warning:  Undefined array key "awardee_id" in C:\Apache24\htdocs\seramer2\views\inspections\edit.php on line 165
[18-Sep-2025 02:44:21 UTC] PHP Warning:  Undefined array key "awardee_id" in C:\Apache24\htdocs\seramer2\views\inspections\edit.php on line 166
[18-Sep-2025 02:44:21 UTC] PHP Warning:  Undefined array key "full_name_or_company_name" in C:\Apache24\htdocs\seramer2\views\inspections\edit.php on line 167
[18-Sep-2025 02:48:41 UTC] PHP Warning:  Undefined array key "user_id" in C:\Apache24\htdocs\seramer2\views\inspections\edit.php on line 135
[18-Sep-2025 02:48:41 UTC] PHP Warning:  Undefined array key "user_id" in C:\Apache24\htdocs\seramer2\views\inspections\edit.php on line 136
[18-Sep-2025 02:48:41 UTC] PHP Warning:  Undefined array key "user_id" in C:\Apache24\htdocs\seramer2\views\inspections\edit.php on line 135
[18-Sep-2025 02:48:41 UTC] PHP Warning:  Undefined array key "user_id" in C:\Apache24\htdocs\seramer2\views\inspections\edit.php on line 136
[18-Sep-2025 02:48:41 UTC] PHP Warning:  Undefined array key "user_id" in C:\Apache24\htdocs\seramer2\views\inspections\edit.php on line 135
[18-Sep-2025 02:48:41 UTC] PHP Warning:  Undefined array key "user_id" in C:\Apache24\htdocs\seramer2\views\inspections\edit.php on line 136
[18-Sep-2025 02:48:41 UTC] PHP Warning:  Undefined array key "stall_id" in C:\Apache24\htdocs\seramer2\views\inspections\edit.php on line 150
[18-Sep-2025 02:48:41 UTC] PHP Warning:  Undefined array key "stall_id" in C:\Apache24\htdocs\seramer2\views\inspections\edit.php on line 151
[18-Sep-2025 02:48:41 UTC] PHP Warning:  Undefined array key "stall_code" in C:\Apache24\htdocs\seramer2\views\inspections\edit.php on line 152
[18-Sep-2025 02:48:41 UTC] PHP Warning:  Undefined array key "awardee_id" in C:\Apache24\htdocs\seramer2\views\inspections\edit.php on line 165
[18-Sep-2025 02:48:41 UTC] PHP Warning:  Undefined array key "awardee_id" in C:\Apache24\htdocs\seramer2\views\inspections\edit.php on line 166
[18-Sep-2025 02:48:41 UTC] PHP Warning:  Undefined array key "full_name_or_company_name" in C:\Apache24\htdocs\seramer2\views\inspections\edit.php on line 167
[18-Sep-2025 02:48:41 UTC] PHP Warning:  Undefined array key "awardee_id" in C:\Apache24\htdocs\seramer2\views\inspections\edit.php on line 165
[18-Sep-2025 02:48:41 UTC] PHP Warning:  Undefined array key "awardee_id" in C:\Apache24\htdocs\seramer2\views\inspections\edit.php on line 166
[18-Sep-2025 02:48:41 UTC] PHP Warning:  Undefined array key "full_name_or_company_name" in C:\Apache24\htdocs\seramer2\views\inspections\edit.php on line 167
[18-Sep-2025 02:51:24 UTC] PHP Warning:  Undefined array key "awardee_id" in C:\Apache24\htdocs\seramer2\views\inspections\edit.php on line 165
[18-Sep-2025 02:51:24 UTC] PHP Warning:  Undefined array key "awardee_id" in C:\Apache24\htdocs\seramer2\views\inspections\edit.php on line 166
[18-Sep-2025 02:51:24 UTC] PHP Warning:  Undefined array key "full_name_or_company_name" in C:\Apache24\htdocs\seramer2\views\inspections\edit.php on line 167
[18-Sep-2025 02:51:24 UTC] PHP Warning:  Undefined array key "awardee_id" in C:\Apache24\htdocs\seramer2\views\inspections\edit.php on line 165
[18-Sep-2025 02:51:24 UTC] PHP Warning:  Undefined array key "awardee_id" in C:\Apache24\htdocs\seramer2\views\inspections\edit.php on line 166
[18-Sep-2025 02:51:24 UTC] PHP Warning:  Undefined array key "full_name_or_company_name" in C:\Apache24\htdocs\seramer2\views\inspections\edit.php on line 167
[18-Sep-2025 03:09:11 UTC] PHP Warning:  Undefined array key "inspection_type" in C:\Apache24\htdocs\seramer2\models\InspectionModel.php on line 208
[18-Sep-2025 03:09:11 UTC] Error al ejecutar la consulta: SQLSTATE[22007]: Invalid datetime format: 1366 Incorrect integer value: '' for column `seramermvc`.`inspection_reports`.`scheduled_inspection_id` at row 1 - Query: UPDATE inspection_reports SET
                    scheduled_inspection_id = ?,
                    main_inspector_id = ?,
                    assistant_inspector_id = ?,
                    stall_id = ?,
                    awardee_id = ?,
                    general_observations = ?,
                    inspector_signature_url = ?,
                    assistant_signature_url = ?
                WHERE report_id = ?
[18-Sep-2025 03:09:11 UTC] PHP Warning:  Undefined array key "message" in C:\Apache24\htdocs\seramer2\views\inspections\edit.php on line 32
[18-Sep-2025 03:09:40 UTC] PHP Warning:  Undefined array key "inspection_type" in C:\Apache24\htdocs\seramer2\models\InspectionModel.php on line 208
[18-Sep-2025 03:09:40 UTC] Error al ejecutar la consulta: SQLSTATE[22007]: Invalid datetime format: 1366 Incorrect integer value: '' for column `seramermvc`.`inspection_reports`.`scheduled_inspection_id` at row 1 - Query: UPDATE inspection_reports SET
                    scheduled_inspection_id = ?,
                    main_inspector_id = ?,
                    assistant_inspector_id = ?,
                    stall_id = ?,
                    awardee_id = ?,
                    general_observations = ?,
                    inspector_signature_url = ?,
                    assistant_signature_url = ?
                WHERE report_id = ?
[18-Sep-2025 03:09:40 UTC] PHP Warning:  Undefined array key "message" in C:\Apache24\htdocs\seramer2\views\inspections\edit.php on line 32
[18-Sep-2025 03:12:34 UTC] Error al ejecutar la consulta: SQLSTATE[22007]: Invalid datetime format: 1366 Incorrect integer value: '' for column `seramermvc`.`inspection_reports`.`scheduled_inspection_id` at row 1 - Query: UPDATE inspection_reports SET
                    scheduled_inspection_id = ?,
                    main_inspector_id = ?,
                    assistant_inspector_id = ?,
                    stall_id = ?,
                    awardee_id = ?,
                    general_observations = ?,
                    inspector_signature_url = ?,
                    assistant_signature_url = ?
                WHERE report_id = ?
[18-Sep-2025 03:12:34 UTC] PHP Warning:  Undefined array key "message" in C:\Apache24\htdocs\seramer2\views\inspections\edit.php on line 32
[18-Sep-2025 03:19:51 UTC] PHP Warning:  Undefined array key "message" in C:\Apache24\htdocs\seramer2\views\inspections\edit.php on line 32
